OPEN,CLOSE,HIGH,LOW,VOLUME,Return,QPL,QPL+,QPL-,MA5,MA21,RSI
1825.64000000000010004,1842.79999999999995453,1845.35999999999989996,1819.72000000000002728,164208,,1829.97261902343961992,1838.58977559687878056,1812.78143381276527180,1842.79999999999995453,1842.79999999999995453,
1815.53999999999996362,1826.09999999999990905,1828.65000000000009095,1808.70000000000004547,168778,-0.00906229650531798,1819.84864964714597591,1828.41813346944468321,1802.75257134179128116,1834.44999999999981810,1834.44999999999981810,
1836.64000000000010004,1815.29999999999995453,1843.52999999999997272,1813.10999999999989996,165393,-0.00591424346968950,1840.99872428474964181,1849.66780167626211551,1823.70395729600431878,1828.06666666666660603,1828.06666666666660603,
1835.14000000000010004,1836.90000000000009095,1841.63000000000010914,1818.00999999999999091,168546,0.01189885969261284,1839.49516447638916361,1848.15716175634634055,1822.21452227556278558,1830.27500000000009095,1830.27500000000009095,
1833.29999999999995453,1835.40000000000009095,1845.26999999999998181,1829.91000000000008185,172271,-0.00081659317328109,1837.65079777813343753,1846.30411012124932313,1820.38748198382086230,1831.29999999999995453,1831.29999999999995453,
1814.39000000000010004,1830.40000000000009095,1843.17000000000007276,1812.68000000000006366,155593,-0.00272420180887001,1818.69592046073626079,1827.25997619750933154,1801.61067115945274963,1828.82000000000016371,1831.14999999999986358,
1786.49000000000000909,1814.50000000000000000,1818.61999999999989086,1781.89000000000010004,170143,-0.00868662587412594,1790.72970802523195744,1799.16207368707296155,1773.90717977923736726,1826.50000000000000000,1828.77142857142848698,
1778.01999999999998181,1786.40000000000009095,1787.85999999999989996,1770.28999999999996362,150472,-0.01548635987875446,1782.23960697402344522,1790.63199360594762766,1765.49683669714340795,1820.72000000000002728,1823.47499999999990905,
1792.53999999999996362,1778.40000000000009095,1798.88000000000010914,1770.78999999999996362,157603,-0.00447828034034936,1796.79406591895235579,1805.25498803073378440,1779.91456769501883173,1809.01999999999998181,1818.46666666666669698,
1768.00000000000000000,1792.29999999999995453,1797.80999999999994543,1765.73000000000001819,165810,0.00781601439496171,1772.19582745417551450,1780.54091894090925052,1755.54741076059303850,1800.40000000000009095,1815.84999999999990905,
1771.84999999999990905,1768.50000000000000000,1773.54999999999995453,1764.16000000000008185,153118,-0.01327902694861349,1776.05496429563390848,1784.41822806869322449,1759.37029397972651168,1788.01999999999998181,1811.54545454545450411,
1781.68000000000006366,1771.74000000000000909,1789.81999999999993634,1756.06999999999993634,151123,0.00183206106870237,1785.90829290642295746,1794.31795501054239139,1769.13105814702112184,1779.46800000000007458,1808.22833333333346673,
1775.67000000000007276,1781.09999999999990905,1782.45000000000004547,1762.43000000000006366,153480,0.00528294219242098,1779.88402994092552944,1788.26532439807942865,1763.16338849845146797,1778.40800000000012915,1806.14153846153840277,
1780.80999999999994543,1776.31999999999993634,1786.00000000000000000,1773.63000000000010914,150563,-0.00268373477064732,1785.03622821757380734,1793.44178385699115097,1768.26718583516480976,1777.99200000000018917,1804.01142857142849607,
1775.79999999999995453,1781.09999999999990905,1783.36999999999989086,1768.79999999999995453,149165,0.00269095658439911,1780.01433845764995567,1788.39624652447196240,1763.29247286688973873,1775.75199999999995271,1802.48399999999992360,31.57769019467332328
1783.30999999999994543,1776.20000000000004547,1795.77999999999997272,1769.82999999999992724,149039,-0.00275110886530783,1787.54216123150786188,1795.95951705685092747,1770.74957753590092580,1777.29199999999991633,1800.84124999999994543,33.97147629448799933
1793.53999999999996362,1783.45000000000004547,1797.67000000000007276,1777.25000000000000000,153318,0.00408174755095136,1797.79643912452615950,1806.26208131067778595,1780.90752437531341457,1779.63400000000001455,1799.81823529411758500,39.53060285319835288
1778.40000000000009095,1793.32999999999992724,1798.78999999999996362,1776.02999999999997272,149564,0.00553982449746271,1782.62050879214143606,1791.01468905232627549,1765.87416023565538126,1782.07999999999992724,1799.45777777777789197,34.48251299950126736
1770.42000000000007276,1778.47000000000002728,1780.23000000000001819,1763.45000000000004547,152518,-0.00828626075513150,1774.62157061166385574,1782.97808467837353419,1757.95036592690576072,1782.50999999999976353,1798.35315789473679615,31.48617886178851677
1776.10999999999989996,1770.75000000000000000,1790.02999999999997272,1766.61999999999989086,144711,-0.00434080979718521,1780.32507415137774842,1788.70844544125452558,1763.60028943778092980,1780.44000000000005457,1796.97299999999995634,30.93883811593266842
1763.08999999999991815,1775.25999999999999091,1784.69000000000005457,1759.55999999999994543,148442,0.00254694338557115,1767.27417501480908868,1775.59609093638437116,1750.67199346034726659,1780.25199999999995271,1795.93904761904764200,36.47642679900737051
1735.42000000000007276,1763.31999999999993634,1769.47000000000002728,1734.19000000000005457,161165,-0.00672577537938113,1739.53850841658686477,1747.72981988033529888,1723.19688211659990884,1776.22600000000011278,1792.15428571428560645,41.04871237977030063
1745.28999999999996362,1736.05999999999994543,1749.15000000000009095,1732.43000000000006366,147229,-0.01545947417371774,1749.43193195559842934,1757.66983055338187114,1732.99736455110587485,1764.77200000000016189,1787.86666666666656056,35.71332163584818886
1731.95000000000004547,1744.94000000000005457,1748.80999999999994543,1723.46000000000003638,152421,0.00511503058650042,1736.06027339324646164,1744.23520619892974537,1719.75132243597795423,1758.06600000000003092,1784.51619047619055891,33.45906677842972954
1743.07999999999992724,1732.42000000000007276,1744.79999999999995453,1727.25999999999999091,155017,-0.00717503180625123,1747.21668717128068238,1755.44415440470584144,1730.80293028765527197,1750.40000000000009095,1779.54095238095237619,36.32089778586593098
1755.13000000000010914,1743.27999999999997272,1757.20000000000004547,1731.09999999999990905,157830,0.00626868773161227,1759.29528429844322091,1767.57962842803067360,1742.76805828520355135,1744.00400000000013279,1775.15428571428560645,39.79928315412180950
1736.82999999999992724,1755.09999999999990905,1758.50999999999999091,1732.96000000000003638,161586,0.00678032215134694,1740.95185463644543233,1749.14982140505617281,1724.59695103581475450,1742.35999999999989996,1771.56857142857120380,40.84249084249081108
1742.61999999999989086,1736.92000000000007276,1744.15000000000009095,1730.50999999999999091,162427,-0.01035838413765588,1746.75559549671675086,1754.98089149593147340,1730.34617021471967746,1742.53199999999992542,1767.87428571428563373,37.31977342945416609
1727.63000000000010914,1742.51999999999998181,1745.24000000000000909,1726.89000000000010004,165750,0.00322409782833977,1731.73002114516839356,1739.88456322957199518,1715.46174957710604758,1742.04800000000000182,1765.78476190476180818,37.64886669227811922
1727.79999999999995453,1727.51999999999998181,1733.51999999999998181,1720.86999999999989086,141947,-0.00860822257420291,1731.90042459011579012,1740.05576908716216167,1715.63055221275590156,1741.06799999999998363,1763.36190476190495247,35.36203993264366829
1707.25999999999999091,1729.45000000000004547,1730.30999999999994543,1705.55999999999994543,170968,0.00111720848383823,1711.31167894763348158,1719.37007311711340662,1695.23522199950798495,1738.30200000000013461,1760.36904761904770567,33.22564612326040390
1684.21000000000003638,1707.16000000000008185,1715.04999999999995453,1677.71000000000003638,169276,-0.01288849056058283,1688.20697655916137592,1696.15657301440546689,1672.34757051872088596,1728.71399999999994179,1757.44809523809544771,25.14852627328833989
1711.80999999999994543,1684.61999999999989086,1714.19000000000005457,1675.79999999999995453,179123,-0.01320321469575214,1715.87247703299340174,1723.95234754085845452,1699.75317489484768885,1718.25400000000013279,1753.29952380952386193,24.08174537420597972
1729.14000000000010004,1711.53999999999996362,1732.69000000000005457,1704.44000000000005457,163569,0.01597986489534731,1733.24360468558461434,1741.40527408228717832,1716.96111416435064712,1712.05800000000022010,1749.98714285714299876,35.21598002496877200
1726.24000000000000909,1731.61999999999989086,1736.53999999999996362,1721.43000000000006366,168605,0.01173212428573089,1730.33672238942085642,1738.48470357044971024,1714.08153979149665247,1712.87799999999992906,1747.85857142857139479,39.88972291724581964
1733.19000000000005457,1726.77999999999997272,1745.27999999999997272,1721.60999999999989996,166681,-0.00279507051200600,1737.30321616815763264,1745.48400186606022544,1720.98258871954317328,1712.34399999999982356,1745.27190476190480695,41.24664622460713304
1726.35999999999989996,1733.90000000000009095,1738.20000000000004547,1723.93000000000006366,172895,0.00412328148345487,1730.45700717408954006,1738.60555476404283581,1714.20069459313185689,1717.69199999999977990,1743.25761904761930055,49.42729875914734805
1738.35999999999989996,1726.57999999999992724,1742.50999999999999091,1724.49000000000000909,195715,-0.00422169675298467,1742.48548564097313829,1750.69067412337039968,1726.11617475666525934,1726.08400000000006003,1740.54952380952340718,45.09143407122229519
1744.89000000000010004,1738.57999999999992724,1746.60999999999989996,1727.23000000000001819,172205,0.00695015579932590,1749.03098267336918070,1757.26699324140440694,1732.60018187898822362,1731.49199999999973443,1737.94238095238097230,51.65147453083106655
1735.94000000000005457,1744.38000000000010914,1746.31999999999993634,1728.24000000000000909,170697,0.00333605586168040,1740.05974248348525180,1748.25350838590611602,1723.71321959035299187,1734.04400000000032378,1736.31904761904752377,50.30313051146388403
1744.75000000000000000,1735.79999999999995453,1755.29999999999995453,1719.06999999999993634,170664,-0.00491865304578143,1748.89065042458878452,1757.12600018221223763,1732.46116794374688652,1735.84799999999995634,1734.65476190476192642,44.58473625140295127
1731.34999999999990905,1744.77999999999997272,1751.36999999999989086,1723.95000000000004547,166441,0.00517340707454772,1735.45884946990213393,1743.63095023096320801,1719.15554842780125000,1738.02399999999988722,1733.20333333333314840,52.32544378698220555
1731.18000000000006366,1731.14000000000010004,1740.90000000000009095,1726.08999999999991815,164552,-0.00781760451174351,1735.28844602495473737,1743.45974437337281415,1718.98674579215139602,1738.93600000000014916,1731.67095238095225795,46.78603705377320665
1728.39000000000010004,1731.01999999999998181,1735.01999999999998181,1721.42000000000007276,171299,-0.00006931848377378,1732.49182478140437524,1740.64995412232929084,1716.21639665412976683,1737.42400000000020555,1731.43095238095247623,51.07918105574741219
1721.67000000000007276,1726.70000000000004547,1729.15000000000009095,1699.04999999999995453,172164,-0.00249563840972367,1725.75587683994945110,1733.88228728110584598,1709.54372776255104327,1733.88800000000014734,1730.56238095238086316,49.16438772409602365
1726.07999999999992724,1722.01999999999998181,1739.67000000000007276,1719.07999999999992724,170171,-0.00271037238663352,1730.17634267652897506,1738.32356864565849719,1713.92266672264941008,1731.13200000000006185,1730.06714285714292600,55.05648564039738346
1715.19000000000005457,1725.92000000000007276,1726.59999999999990905,1708.00000000000000000,179359,0.00226478205828040,1719.26049846783234898,1727.35632282706910701,1703.10936847424295593,1727.35999999999989996,1729.24047619047632907,66.09508963367107981
1683.03999999999996362,1715.51999999999998181,1720.47000000000002728,1680.00000000000000000,182293,-0.00602577176230656,1687.03419990864017564,1694.97827387687084411,1671.18581120277622176,1724.23600000000010368,1727.35571428571438446,51.78028269815710161
1701.29999999999995453,1683.01999999999998181,1714.00000000000000000,1676.68000000000006366,178093,-0.01894469315426228,1705.33753464241453912,1713.36779716864748480,1689.31720018495298063,1714.63599999999996726,1724.78904761904755105,30.43478260869579799
1697.17000000000007276,1699.27999999999997272,1707.52999999999997272,1687.15000000000009095,175574,0.00966120426376404,1701.19773330339558015,1709.20850192247894483,1685.21628909533706064,1709.15200000000004366,1722.73000000000001819,39.86137737796791214
1710.19000000000005457,1696.64000000000010004,1723.00000000000000000,1690.47000000000002728,175217,-0.00155359917141373,1714.24863243996423989,1722.32085642734932662,1698.14458507277072385,1704.07600000000024920,1721.25952380952367093,35.79380814396833443
1737.28999999999996362,1710.57999999999992724,1740.30999999999994543,1701.76999999999998181,175185,0.00821623915503578,1741.41294631100936385,1749.61308431383031348,1725.05371110875034901,1701.00800000000026557,1720.36095238095253990,44.19279907084786174
1724.07999999999992724,1737.61999999999989086,1738.95000000000004547,1707.05999999999994543,186417,0.01580750388757024,1728.17159626538182238,1736.30938208577072146,1711.93675336206047177,1705.42799999999988358,1721.81142857142822322,49.68586387434553586
1733.15000000000009095,1724.11999999999989086,1759.45000000000004547,1719.48000000000001819,185872,-0.00776924759153330,1737.26312123993466230,1745.44371813486259271,1720.94287045233136269,1713.64799999999991087,1723.69238095238097230,43.68847352024915409
1768.94000000000005457,1733.72000000000002728,1775.54999999999995453,1717.08999999999991815,173439,0.00556805790780235,1773.13805826741486271,1781.48758662405657560,1756.48079004006990544,1720.53600000000005821,1724.74857142857149483,49.35611688954930543
1804.10999999999989996,1769.22000000000002728,1805.10999999999989996,1765.59999999999990905,174037,0.02047620146275064,1808.39152390743925025,1816.90705727968520478,1791.40307648602561130,1735.05200000000013461,1726.53904761904755105,56.49861731546481280
1804.71000000000003638,1804.31999999999993634,1813.61999999999989086,1783.42000000000007276,178130,0.01983925119544194,1808.99294783078357796,1817.51131324765174213,1791.99885049420231553,1753.79999999999995453,1730.23142857142852336,67.46539379474936027
1809.10999999999989996,1805.01999999999998181,1815.75999999999999091,1795.56999999999993634,191882,0.00038795779019241,1813.40338993530735934,1821.94252367940498516,1796.36785988749784337,1767.27999999999997272,1733.61809523809506572,67.61233815689261917
1781.81999999999993634,1808.61999999999989086,1812.45000000000004547,1780.57999999999992724,248247,0.00199443773476182,1786.04862515520312627,1794.45894806973456070,1769.27007208226223156,1784.17999999999983629,1737.52476190476204465,69.56438670233089283
1774.71000000000003638,1783.93000000000006366,1791.38000000000010914,1760.44000000000005457,165702,-0.01365129214539251,1778.92175166357469607,1787.29851484933305983,1762.21015008536892310,1794.22200000000020736,1739.68428571428580653,63.49566203077999660
1775.86999999999989086,1775.43000000000006366,1789.41000000000008185,1767.76999999999998181,141758,-0.00476476094914036,1780.08450458203992639,1788.46674305406804706,1763.36197983451029359,1795.46399999999994179,1741.16285714285731956,60.58041629268711858
1794.59999999999990905,1776.01999999999998181,1794.96000000000003638,1769.41000000000008185,149783,0.00033231386199395,1798.85895472243396398,1807.32960018741823660,1781.96005845642525856,1789.80400000000008731,1743.07809523809510210,63.49482512491081820
1818.70000000000004547,1794.23000000000001819,1826.28999999999996362,1789.32999999999992724,150771,0.01025326291370598,1823.01614897675858629,1831.60054823406767355,1805.89031445152181732,1787.64599999999995816,1745.43285714285730137,76.49497307857252792
1824.81999999999993634,1818.52999999999997272,1826.80999999999994543,1815.88000000000010914,84989,0.01354341416652272,1829.15067299486918273,1837.76395910732458105,1811.96720933492383665,1789.62799999999992906,1749.59428571428588839,77.36221375797354938
1824.97000000000002728,1824.08999999999991815,1830.50999999999999091,1810.30999999999994543,113636,0.00305741450512231,1829.30102897570532150,1837.91502309931615855,1812.11615283696801271,1797.65999999999985448,1754.02619047619032244,78.85703935153740929
1842.40000000000009095,1825.24000000000000909,1847.38000000000010914,1820.96000000000003638,121712,0.00063045134834350,1846.77239394885373258,1855.46865896873941892,1829.42338777450049747,1807.62200000000007094,1758.71857142857152212,77.55720053835806027
1837.20000000000004547,1843.10999999999989996,1855.19000000000005457,1833.86999999999989086,133799,0.00979049330498993,1841.56005327987077180,1850.23177391303079276,1824.26001303696921241,1821.04000000000019099,1764.48476190476185366,76.52235128475894044
1829.06999999999993634,1837.91000000000008185,1848.40000000000009095,1828.66000000000008185,146332,-0.00282131831523880,1833.41075911855705272,1842.04410554708624659,1816.18727522617518844,1829.77599999999983993,1769.81761904761901860,79.85517132812103114
1816.26999999999998181,1830.43000000000006366,1839.00000000000000000,1807.63000000000010914,143578,-0.00406984019892165,1820.58038208721472984,1829.15331156380375432,1803.47742971840625614,1832.15600000000017644,1775.28952380952387102,75.65932608118873759
1793.19000000000005457,1814.08999999999991815,1814.98000000000001819,1791.82999999999992724,138804,-0.00892686417945521,1797.44560850257539641,1805.90959866269736267,1780.55998953721041289,1830.15599999999972169,1781.53095238095215791,63.25240711205624677
1832.88000000000010914,1793.44000000000005457,1834.54999999999995453,1781.66000000000008185,157794,-0.01138311770639822,1837.22980103179270372,1845.88113094367304257,1819.97044017809730576,1823.79599999999982174,1786.01476190476182637,46.48669594420049123
1836.98000000000001819,1833.86999999999989086,1844.71000000000003638,1829.51999999999998181,139334,0.02254326880185564,1841.33953117464466231,1850.01021339144313060,1824.04156256730448149,1821.94799999999986539,1792.54952380952386193,57.41378424217506193
1860.15000000000009095,1837.83999999999991815,1863.85999999999989996,1829.36999999999989086,171262,0.00216482084335312,1864.56451834778567900,1873.34456468774442328,1847.04836884972701228,1821.93399999999996908,1798.60952380952357998,57.49461372730073805
1862.79999999999995453,1860.27999999999997272,1872.75000000000000000,1848.93000000000006366,207116,0.01220998563531106,1867.22080734255564494,1876.01336187959577728,1849.67970405250707699,1827.90399999999999636,1804.45047619047613807,69.81161451035343646
1841.68000000000006366,1847.56999999999993634,1875.45000000000004547,1839.41000000000008185,187836,-0.00683230481432906,1846.05068524084072124,1854.74355180717975600,1828.70845896468836145,1834.59999999999990905,1810.32904761904751467,68.31894362620619177
1844.17000000000007276,1842.46000000000003638,1863.88000000000010914,1833.80999999999994543,157619,-0.00276579507136399,1848.54659452271903319,1857.25121407424012432,1831.18092109862163852,1844.40399999999976899,1815.50714285714298057,66.49290040710957328
1850.22000000000002728,1843.65000000000009095,1852.93000000000006366,1831.20000000000004547,144276,0.00064587562280871,1854.61095241643943154,1863.34412841790094717,1837.18830901440287562,1846.36000000000012733,1819.05142857142823232,63.40021691973974782
1855.39000000000010004,1850.60999999999989996,1861.53999999999996362,1848.17000000000007276,124264,0.00377512000650881,1859.79322188925516457,1868.55080067521134879,1842.32189505152541642,1848.91399999999998727,1821.25571428571402066,59.60134083562792995
1853.81999999999993634,1855.67000000000007276,1867.70000000000004547,1847.05999999999994543,145369,0.00273423357703684,1858.21949595650448828,1866.96966422569926181,1840.76295306346287362,1847.99199999999973443,1823.66761904761915503,59.48006724303561299
1868.90000000000009095,1855.18000000000006366,1870.58999999999991815,1835.27999999999997272,145907,-0.00026405557022535,1873.33528389655475621,1882.15663088725409580,1855.73673980230341840,1849.51399999999989632,1825.88476190476194461,59.02350813743223057
1869.98000000000001819,1869.44000000000005457,1874.88000000000010914,1858.14000000000010004,137069,0.00768658566823710,1874.41784695857427323,1883.24429162959359019,1856.80913301702139506,1854.90999999999985448,1829.95666666666647870,58.11202168956812386
1839.49000000000000909,1871.45000000000004547,1871.50000000000000000,1832.42000000000007276,142478,0.00107518829168085,1843.85548792063445944,1852.53801752410231529,1826.53388383484343649,1860.47000000000002728,1834.52904761904756015,60.54054054054054035
1837.64000000000010004,1839.82999999999992724,1845.29999999999995453,1832.86999999999989086,112364,-0.01689598974057560,1842.00109749032321815,1850.67489495620611706,1824.69691397629890162,1858.31399999999985084,1837.56761904761901860,52.56494215236844525
1827.95000000000004547,1837.55999999999994543,1840.56999999999993634,1802.21000000000003638,124044,-0.00123380964545639,1832.28810112831479273,1840.91616107354911946,1815.07516374424562855,1854.69199999999977990,1839.63095238095229433,56.93680912691376506
1845.19000000000005457,1827.54999999999995453,1856.68000000000006366,1823.23000000000001819,121355,-0.00544744117198892,1849.56901519240409471,1858.27844921978294224,1832.19373691252189928,1849.16599999999993997,1840.06047619047603803,60.75821611051533466
1844.75000000000000000,1846.16000000000008185,1857.36999999999989086,1828.82999999999992724,130946,0.01018303192799119,1849.12797098195164835,1857.83532817660761793,1831.75683597319221008,1844.50999999999976353,1841.11142857142885987,54.49491624606837803
1854.22000000000002728,1844.80999999999994543,1862.85999999999989996,1841.69000000000005457,120172,-0.00073124756250820,1858.62044523873396429,1867.37250153767672600,1841.16013573558075223,1839.18200000000001637,1842.04333333333306655,52.59900067119099276
1844.47000000000002728,1854.30999999999994543,1863.39000000000010004,1837.32999999999992724,150267,0.00514958179975178,1848.84730648439108336,1857.55334205822327931,1831.47880810270976326,1842.07799999999997453,1842.57666666666636957,47.53611225753198255
1847.77999999999997272,1842.98000000000001819,1856.35999999999989996,1816.89000000000010004,171346,-0.00611008946724112,1852.16516179483960514,1860.88682081483761976,1834.76549471448447548,1843.16200000000026193,1842.81809523809533857,48.08382733572684486
1914.13000000000010914,1848.74000000000000909,1917.20000000000004547,1828.00000000000000000,160157,0.00312537303714633,1918.67262398465004480,1927.70745993911918958,1900.64817045202153167,1847.40000000000009095,1843.68999999999982720,52.60754027570168745
1918.94000000000005457,1913.49000000000000909,1927.48000000000001819,1906.60999999999989996,153067,0.03502385408440345,1923.49403910345927216,1932.55157861564953237,1905.42429208423777709,1860.86599999999998545,1848.42333333333340306,68.98032394825520441
1949.89000000000010004,1918.08999999999991815,1959.10999999999989996,1900.65000000000009095,159003,0.00240398434274547,1954.51748981596301746,1963.72111562991494793,1936.15630133935110280,1875.52200000000016189,1854.35904761904771476,68.57724920162974058
1941.99000000000000909,1949.60999999999989996,1952.80999999999994543,1934.14000000000010004,119396,0.01643301409214382,1946.59874149193137782,1955.76507871835747210,1928.31194356502487608,1894.58199999999987995,1859.87047619047621083,72.57304882737402352
1904.75999999999999091,1942.54999999999995453,1944.74000000000000909,1903.26999999999998181,133289,-0.00362123706792639,1909.28038704842515472,1918.27099590604416335,1891.34416635766228865,1914.49599999999986721,1864.85666666666702440,70.35173538318188946
1894.09999999999990905,1894.16000000000008185,1900.16000000000008185,1885.21000000000003638,83744,-0.02491055571285161,1898.59508867701015333,1907.53538154184161613,1880.75924814572340438,1923.57999999999992724,1866.47000000000002728,54.96824503577458643
1877.58999999999991815,1894.16000000000008185,1894.32999999999992724,1875.89000000000010004,78531,0.00000000000000000,1882.04590705298960529,1890.90827148996686446,1864.36553335406210863,1919.71399999999994179,1868.68857142857177678,54.60145074360741546
1872.88000000000010914,1878.01999999999998181,1886.21000000000003638,1869.38000000000010914,89738,-0.00852092748236688,1877.32472925473780379,1886.16486214143105826,1859.68870738987538971,1911.70000000000004547,1870.38190476190470690,58.25586925504779146
1882.13000000000010914,1873.07999999999992724,1900.00000000000000000,1866.74000000000000909,108406,-0.00263042992087414,1886.59668140629401023,1895.48047498091273155,1868.87355668259897357,1896.39399999999977808,1871.78333333333353039,57.59104120362454893
1872.58999999999991815,1879.45000000000004547,1880.34999999999990905,1869.38000000000010914,64864,0.00340081576868045,1877.03404102512126883,1885.87280509024708408,1859.40074995258987656,1883.77400000000011460,1873.15666666666675155,61.26693296283432488
1859.53999999999996362,1872.45000000000004547,1878.31999999999993634,1856.72000000000002728,119308,-0.00372449386788687,1863.95307069238560871,1872.73023778697870512,1846.44266527474724171,1879.43200000000001637,1873.95571428571429351,56.01024187279958966
1876.20000000000004547,1859.75000000000000000,1884.05999999999994543,1858.75999999999999091,121151,-0.00678255761168522,1880.65260829724229552,1889.50841183084503427,1862.98532356845294089,1872.54999999999995453,1874.17333333333340306,53.24697904894377132
1885.95000000000004547,1876.31999999999993634,1906.52999999999997272,1854.92000000000007276,162720,0.00890979970426131,1890.42574705158517645,1899.32757131029848097,1872.66665120132370248,1872.20999999999980901,1874.50095238095263994,54.64091426643613403
1885.19000000000005457,1880.96000000000003638,1889.40000000000009095,1877.23000000000001819,101499,0.00247292572695490,1889.66394341534919477,1898.56218041754118531,1871.91200412429998323,1873.78600000000005821,1874.95380952380946837,58.24075681305328800
1864.55999999999994543,1885.27999999999997272,1896.81999999999993634,1861.80999999999994543,116453,0.00229669955767275,1868.98498418436520296,1877.78584605229730187,1851.42730780982537908,1874.95199999999999818,1877.11809523809529310,57.97816593886461334
1853.01999999999998181,1864.23000000000001819,1866.20000000000004547,1844.58999999999991815,129194,-0.01116545022490023,1857.41759739204553625,1866.16398960174410604,1839.96858771922734377,1873.30799999999976535,1878.38809523809504753,36.70804101457095925
1827.43000000000006366,1853.08999999999991815,1855.21000000000003638,1825.26999999999998181,88823,-0.00597565751007123,1831.76686706141640570,1840.39247256797830232,1814.55882627049231814,1871.97599999999988540,1879.60428571428587929,33.05879899916598674
1840.39000000000010004,1826.67000000000007276,1841.04999999999995453,1818.04999999999995453,83675,-0.01425726759088863,1844.75762380565060994,1853.44440147605200764,1827.42754484710849283,1862.04599999999982174,1878.67619047619041339,17.08257470279538381
1835.74000000000000909,1839.22000000000002728,1847.50000000000000000,1823.11999999999989086,89210,0.00687042541893179,1840.09658839973326394,1848.76141772431265053,1822.81029628373926244,1853.69799999999986539,1878.41000000000008185,23.12334183009937760
1840.25999999999999091,1836.44000000000005457,1849.78999999999996362,1828.43000000000006366,106904,-0.00151151031415486,1844.62731528892595634,1853.31347934965924651,1827.29846047867022207,1843.92999999999983629,1877.55904761904776024,30.31646432955942316
1870.49000000000000909,1839.67000000000007276,1870.72000000000002728,1825.41000000000008185,110213,0.00175883775130137,1874.92905729341691767,1883.75790920236499915,1857.31554092397141176,1839.01800000000002910,1877.40142857142859611,31.81848515181849280
1861.81999999999993634,1870.22000000000002728,1875.10999999999989996,1860.03999999999996362,88295,0.01660623916245840,1866.23848160109332639,1875.02641046525081947,1848.70660650581862683,1842.44399999999995998,1878.42428571428581563,47.62571532935591279
1836.90000000000009095,1862.08999999999991815,1868.39000000000010004,1820.20000000000004547,99404,-0.00434708216145696,1841.25934131819872164,1849.92964592904763776,1823.96212603288086029,1849.52799999999979264,1875.97666666666646051,46.71842340997311993
1840.16000000000008185,1838.15000000000009095,1848.02999999999997272,1828.97000000000002728,85851,-0.01285652143559113,1844.52707796836875787,1853.21277002166493730,1827.19916481064092295,1849.31399999999985084,1872.17000000000007276,38.83904442762943887
1830.32999999999992724,1840.71000000000003638,1843.72000000000002728,1821.53999999999996362,101832,0.00139270462149432,1834.67374935757993626,1843.31304307981577040,1817.43840064334608542,1850.16800000000012005,1866.98428571428553369,41.21165134566395238
1814.89000000000010004,1830.24000000000000909,1833.14000000000010004,1807.23000000000001819,102472,-0.00568802255651357,1819.19710706352316265,1827.76352283748133232,1802.10714949959992737,1848.28199999999992542,1861.63619047619044977,41.72694140734510171
1776.63000000000010914,1814.91000000000008185,1817.11999999999989086,1775.51999999999998181,107853,-0.00837595069499075,1780.84630821827613545,1789.23213394682557009,1764.11662691153424021,1837.22000000000002728,1857.86238095238104506,32.66331658291457529
1786.66000000000008185,1776.61999999999989086,1789.45000000000004547,1764.17000000000007276,119574,-0.02109746488806619,1790.90011147017958137,1799.33327954466335541,1774.07598241488767599,1820.12600000000020373,1852.26523809523814634,25.24672613399120280
1810.22000000000002728,1787.48000000000001819,1813.59999999999990905,1772.25999999999999091,90482,0.00611273091600917,1814.51602419349433148,1823.06039722014293147,1797.47004180262479167,1809.99199999999973443,1847.95380952380946837,27.49654855039118218
1807.52999999999997272,1809.86999999999989086,1818.06999999999993634,1805.61999999999989086,65446,0.01252601427708266,1811.81964027050116783,1820.35131629709348999,1794.79898833263268898,1803.82399999999984175,1844.94380952380947747,37.56860592755209893
1807.60999999999989996,1807.63000000000010914,1817.55999999999994543,1801.46000000000003638,107236,-0.00123765795333353,1811.89983012694688114,1820.43188375948898283,1794.87842486705631018,1799.30200000000013461,1841.52380952380963208,39.16277295699439520
1837.71000000000003638,1807.20000000000004547,1838.75000000000000000,1800.03999999999996362,141477,-0.00023788053971230,1842.07126361471341625,1850.74539148580220171,1824.76642094391945648,1797.75999999999976353,1838.41666666666674246,44.70204081632651594
1870.31999999999993634,1837.53999999999996362,1875.95000000000004547,1830.79999999999995453,105477,0.01678840194776443,1874.75865384846929373,1883.58670334477437791,1857.14673828832133040,1809.94400000000018736,1837.35904761904726001,49.58320928847869880
1865.61999999999989086,1870.50999999999999091,1879.54999999999995453,1860.68000000000006366,95841,0.01794246655855103,1870.04749978227323481,1878.85336492903775252,1852.47984189093745044,1826.54999999999995453,1837.08238095238084497,57.35122772191774487
1872.56999999999993634,1865.76999999999998181,1873.84999999999990905,1852.55999999999994543,111855,-0.00253406824876634,1877.01399356101001104,1885.85266322464826771,1859.38089081898397126,1837.73000000000001819,1836.35904761904771476,55.59509518092950486
1880.26999999999998181,1871.81999999999993634,1884.65000000000009095,1863.43000000000006366,112083,0.00324262904859651,1884.73226724392679898,1893.60728148021667039,1867.02665725725114498,1850.56799999999998363,1835.71809523809542952,50.38325189230619827
1888.91000000000008185,1880.25999999999999091,1893.25999999999999091,1876.80999999999994543,111530,0.00450898056437055,1893.39277174008316251,1902.30856741893262551,1875.60580297499541302,1865.17999999999983629,1836.48142857142852336,54.34585027505384147
1888.14000000000010004,1888.69000000000005457,1898.99000000000000909,1864.42000000000007276,149336,0.00448342250539824,1892.62094437179143824,1901.53310559337569430,1874.84122633116862744,1875.40999999999985448,1838.17666666666673336,63.05673245840652896
1876.83999999999991815,1888.86999999999989086,1896.64000000000010004,1873.80999999999994543,111889,0.00009530415261372,1881.29412714880936619,1890.15295153000897699,1863.62081584384122834,1879.08199999999987995,1841.13857142857159488,62.59677756852895669
1865.34999999999990905,1876.65000000000009095,1883.67000000000007276,1862.49000000000000909,124051,-0.00646947645947038,1869.77685901676818503,1878.58144974345282208,1852.21174358725784259,1881.25800000000026557,1842.92095238095248533,62.02892540562960733
1876.75999999999999091,1865.32999999999992724,1884.29999999999995453,1856.25999999999999091,122756,-0.00603202515120038,1881.21393729236342551,1890.07238406761348415,1863.54137930941760715,1879.96000000000026375,1844.29666666666639685,63.34568554790891426
1863.90000000000009095,1877.06999999999993634,1890.22000000000002728,1860.18000000000006366,159898,0.00629379251928608,1868.32341786868664713,1877.12116448753431541,1850.77195640083118633,1879.32200000000011642,1846.07761904761900951,80.93624884508784589
1954.60999999999989996,1862.45000000000004547,1965.31999999999993634,1850.35999999999989996,172616,-0.00778873457036755,1959.24869134627033418,1968.47459591125016232,1940.84305687034088805,1874.07399999999984175,1845.70761904761911865,72.56637168141601535
1948.21000000000003638,1950.75000000000000000,1960.15000000000009095,1935.34999999999990905,143223,0.04741066874278510,1952.83350283059940011,1962.02919891960891619,1934.48813411645642191,1886.45000000000004547,1849.92952380952397107,80.35945177139910811
1902.86999999999989086,1949.11999999999989086,1952.56999999999993634,1902.10999999999989996,154172,-0.00083557606048956,1907.38590168989071572,1916.36758960695010501,1889.46747823190571580,1900.94399999999995998,1855.21380952380945928,80.57128041139100105
1908.77999999999997272,1902.90000000000009095,1916.23000000000001819,1881.64000000000010004,180221,-0.02371326547364949,1913.30992733483094526,1922.31951089141875855,1895.33585221244607055,1908.45800000000008367,1858.17523809523800082,67.26190476190478762
1895.10999999999989996,1909.34999999999990905,1910.34999999999990905,1886.77999999999997272,113445,0.00338956329812379,1899.60748561463947226,1908.55254575458502586,1881.76213439282082618,1914.91399999999998727,1861.94238095238097230,64.17433184635427779
1876.83999999999991815,1895.46000000000003638,1895.74000000000000909,1873.25999999999999091,130418,-0.00727472700133547,1881.29412714880936619,1890.15295153000897699,1863.62081584384122834,1921.51600000000007640,1865.77809523809514758,55.32596166161467721
1867.11999999999989086,1878.79999999999995453,1889.59999999999990905,1864.20000000000004547,143984,-0.00878942314794307,1871.55105959063348564,1880.36400484895375484,1853.96927691137898364,1907.12599999999974898,1870.64380952380929557,52.64676010562665454
1876.53999999999996362,1867.49000000000000909,1884.78999999999996362,1858.34999999999990905,136458,-0.00601979987225887,1880.99341518713731602,1889.85082354602582200,1863.32292883975287623,1890.79999999999995453,1874.45380952380946837,49.13885684738078652
1907.82999999999992724,1876.94000000000005457,1910.67000000000007276,1868.67000000000007276,134867,0.00506026806033777,1912.35767278953608184,1921.36277227547202529,1894.39254336616636465,1885.60800000000017462,1877.64761904761894584,49.34236589810634399
1901.51999999999998181,1907.53999999999996362,1911.18000000000006366,1897.63000000000010914,103537,0.01630313169307485,1906.03269786236660366,1915.00801367902568018,1888.12698671350835866,1885.24599999999986721,1882.40523809523824639,53.43239010888961360
1902.74000000000000909,1901.78999999999996362,1908.44000000000005457,1890.92000000000007276,126141,-0.00301435356532498,1907.25559317316628949,1916.23666748055734388,1889.33839386346767242,1886.51199999999994361,1886.90952380952376188,52.30582524271845557
1903.67000000000007276,1900.94000000000005457,1914.01999999999998181,1894.17000000000007276,105908,-0.00044694734960216,1908.18780025434989511,1917.17326423090526077,1890.26184357614147302,1890.94000000000005457,1889.92857142857110375,54.51839726180288892
1922.91000000000008185,1903.75999999999999091,1925.75000000000000000,1894.38000000000010914,120769,0.00148347659578940,1927.47346072958657714,1936.54973893702708665,1909.36633010500690943,1898.19399999999995998,1891.51190476190481604,57.38215067808985737
1907.74000000000000909,1924.11999999999989086,1931.21000000000003638,1907.74000000000000909,134315,0.01069462537294608,1912.26745920103439857,1921.27213388027712426,1894.30317726493990449,1907.62999999999988177,1894.29047619047605622,58.74828009371167070
1903.45000000000004547,1906.11999999999989086,1913.90000000000009095,1894.40000000000009095,130091,-0.00935492588819820,1907.96727814912378562,1916.95170370931759862,1890.04339310647674210,1907.34600000000000364,1895.92380952380926828,58.01902383488192072
1899.33999999999991815,1903.97000000000002728,1918.31999999999993634,1896.80999999999994543,130803,-0.00112794577466258,1903.84752427421585708,1912.81255032874787503,1885.96234115046650004,1907.78199999999992542,1897.05285714285719223,37.43418931986671794
1908.24000000000000909,1898.72000000000002728,1913.75999999999999091,1897.50000000000000000,126375,-0.00275739638754813,1912.76864580382130043,1921.77568052024912504,1894.79965560508708222,1907.33799999999973807,1897.53047619047606531,36.72006745362560309
1901.57999999999992724,1908.13000000000010914,1908.75999999999999091,1889.49000000000000909,148468,0.00495597033791184,1906.09284025470083179,1915.06843927582235665,1888.18656411432607456,1908.21199999999998909,1898.44761904761867299,51.70970905524682593
1891.50999999999999091,1901.05999999999994543,1912.68000000000006366,1882.25999999999999091,133011,-0.00370519828313598,1895.99894207457441553,1904.92700994678671123,1878.18749034376082818,1903.59999999999990905,1899.60999999999989996,47.30090512469884345
1922.51999999999998181,1890.73000000000001819,1925.21000000000003638,1886.33999999999991815,148668,-0.00543381061092230,1927.08253517941261634,1936.15697255784880326,1908.97907699969186979,1900.52200000000016189,1900.81952380952384374,48.42343843743749687
1927.67000000000007276,1922.27999999999997272,1933.00999999999999091,1918.17000000000007276,133428,0.01668667657465628,1932.24475718811709157,1941.34350294956016114,1914.09280390320850529,1904.18399999999996908,1902.97238095238117239,63.18374772589451283
1893.40000000000009095,1930.04999999999995453,1931.39000000000010004,1893.36999999999989086,133440,0.00404207503589493,1897.89342743310885453,1906.83041624588099694,1880.06417846951762840,1910.45000000000004547,1906.19142857142833236,69.38522558254835815
1887.00000000000000000,1893.22000000000002728,1900.50999999999999091,1881.77999999999997272,124746,-0.01908240719152354,1891.47823891743746572,1900.38501925423952343,1873.70925571563293488,1907.46800000000007458,1903.45190476190464324,54.31281127476952975
1878.35999999999989996,1886.86999999999989086,1897.88000000000010914,1872.66000000000008185,136539,-0.00335407401147259,1882.81773442128110219,1891.68373331552379568,1865.13010999788866684,1904.62999999999988177,1900.48761904761931874,43.71694327922666901
1912.60999999999989996,1877.59999999999990905,1920.73000000000001819,1874.44000000000005457,121873,-0.00491289807988893,1917.14901671217808143,1926.17667815360414352,1899.13887629797386580,1902.00400000000013279,1899.28285714285721042,42.80102374858636693
1901.54999999999995453,1913.07999999999992724,1918.64000000000010004,1884.44000000000005457,110356,0.01889646357051555,1906.06276905853360404,1915.03822647742413210,1888.15677541391710292,1900.16399999999998727,1899.46047619047635635,52.99545992893798996
1905.07999999999992724,1898.90000000000009095,1916.86999999999989086,1889.57999999999992724,129919,-0.00741213122294926,1909.60114647420869005,1918.59326575562613471,1891.66191249535654606,1893.93399999999996908,1899.62428571428563373,48.86448598130843379
1885.24000000000000909,1905.67000000000007276,1911.75999999999999091,1884.50999999999999091,139308,0.00356522197061460,1889.71406207562790769,1898.61253508153822622,1871.96165195831463279,1896.42399999999975080,1900.90380952380974122,45.39693628062476449
1897.84999999999990905,1885.51999999999998181,1902.07999999999992724,1881.19000000000005457,141560,-0.01057370898424181,1902.35398819791112146,1911.31198134163128088,1884.48283569682757843,1896.15399999999999636,1901.76238095238113601,44.91508688783572723
1880.76999999999998181,1897.00000000000000000,1898.89000000000010004,1875.25999999999999091,131554,0.00608850608850608,1885.23345384671370084,1894.11082812018867116,1867.52313559739855009,1900.03400000000010550,1902.71761904761910955,48.35527868233516813
1861.73000000000001819,1881.18000000000006366,1882.83999999999991815,1848.20000000000004547,135068,-0.00833948339483392,1866.14826801259187050,1874.93577207005591845,1848.61724040459216667,1893.65399999999999636,1901.46238095238095411,46.05771824148162352
1868.00000000000000000,1861.19000000000005457,1875.00000000000000000,1849.49000000000000909,146974,-0.01062630901880735,1872.43314801153860572,1881.25024693530440345,1854.84307879003836206,1886.11199999999985266,1899.52904761904756015,39.92876759354615501
1863.25000000000000000,1867.60999999999989996,1876.82999999999992724,1848.53999999999996362,177736,0.00344940602517729,1867.67187528506383387,1876.46655385557073714,1850.12653455863960517,1878.50000000000000000,1897.94190476190510708,42.80304660269371908
1899.85999999999989996,1863.33999999999991815,1905.14000000000010004,1855.60999999999989996,173605,-0.00228634457943577,1904.36875834111424410,1913.33623883431869217,1886.47867862421958307,1874.06399999999985084,1896.01714285714297148,43.94910087041042601
1912.29999999999995453,1899.64000000000010004,1919.80999999999994543,1894.40000000000009095,149359,0.01948114675797230,1916.83828101845028868,1925.86447923682158034,1898.83105972708244735,1874.59200000000009823,1894.85142857142841422,45.10126363164275176
1950.25999999999999091,1912.44000000000005457,1955.38000000000010914,1882.14000000000010004,147699,0.00673811880145703,1954.88836790202526572,1964.09374014349396020,1936.52369531106000977,1880.84399999999982356,1895.15238095238123606,46.27080598026346081
1943.86999999999989086,1949.71000000000003638,1959.85999999999989996,1943.64000000000010004,114267,0.01948819309363947,1948.48320311840961949,1957.65841408465212226,1930.17870212397838259,1898.54800000000000182,1897.33047619047624721,61.94039315155359304
1958.86999999999989086,1943.81999999999993634,1960.76999999999998181,1932.66000000000008185,138100,-0.00302096209179836,1963.51880120201394675,1972.76481328381146341,1945.07305232839507880,1913.79000000000019099,1899.47809523809519305,62.06107840230421857
1952.91000000000008185,1959.17000000000007276,1973.40000000000009095,1949.67000000000007276,127092,0.00789682172217598,1957.54465689679545903,1966.76253733534554158,1939.15503051384030186,1932.95599999999967622,1901.90857142857157669,66.84147499690303107
1956.65000000000009095,1953.60999999999989996,1971.97000000000002728,1948.30999999999994543,113890,-0.00283793647309838,1961.29353268564068458,1970.52906620233602553,1942.86868849814163696,1943.75000000000000000,1904.41095238095226705,59.54770318021199671
1939.42000000000007276,1956.10999999999989996,1963.24000000000000909,1936.65000000000009095,102950,0.00127968222930885,1944.02264235360712519,1953.17684898890161094,1925.76004489666820518,1952.48399999999992360,1907.52428571428572468,64.26185371690674231
1944.73000000000001819,1939.64000000000010004,1954.58999999999991815,1937.01999999999998181,118231,-0.00841977189421850,1949.34524407520302702,1958.52451430540395449,1931.03264486903162833,1950.47000000000002728,1908.35095238095209425,58.07770961145194377
1946.21000000000003638,1945.71000000000003638,1966.40000000000009095,1941.20000000000004547,131208,0.00312944670144977,1950.82875641945202005,1960.01501235972114046,1932.50222075586748360,1950.84799999999995634,1909.09666666666657875,65.33972169835365662
1932.27999999999997272,1946.45000000000004547,1950.65000000000009095,1919.86999999999989086,120264,0.00038032389204967,1936.86569766581123986,1945.98620297010165814,1918.67033419936569771,1948.30400000000008731,1911.63142857142861430,63.33243461849556155
1929.29999999999995453,1931.31999999999993634,1940.65000000000009095,1906.41000000000008185,142709,-0.00777312543348152,1933.87862551320199600,1942.98506499586869722,1915.71132329208830924,1943.84600000000000364,1913.74809523809517486,63.56895431911664929
1930.53999999999996362,1928.03999999999996362,1941.11999999999989086,1924.23000000000001819,78672,-0.00169832031978123,1935.12156828811316700,1944.23386066299917729,1916.94258957565330093,1938.23199999999997090,1916.15000000000009095,69.88991371615585990
1931.30999999999994543,1933.53999999999996362,1948.57999999999992724,1913.90000000000009095,145716,0.00285263791207657,1935.89339565640489127,1945.00932248855610851,1917.70716621948008651,1937.01199999999994361,1917.12428571428540636,69.72416681625080059
1942.70000000000004547,1929.92000000000007276,1950.85999999999989996,1921.61999999999989086,151696,-0.00187221365991908,1947.31042646788864658,1956.48011494711772684,1929.01694280803394577,1933.85400000000004184,1918.60142857142886896,69.99639596347911663
1969.32999999999992724,1942.75999999999999091,1973.07999999999992724,1932.44000000000005457,145648,0.00665312551815611,1974.00362493231432381,1983.29900899202516484,1955.45937920427513745,1933.11599999999998545,1920.36761904761874575,65.07481471122916616
1967.00000000000000000,1970.16000000000008185,1992.23000000000001819,1962.79999999999995453,144435,0.01410364635878847,1971.66809536332766584,1980.95248164975578220,1953.14579013918910277,1940.88400000000001455,1924.39809523809526581,68.30985915492956906
1966.73000000000001819,1967.40000000000009095,1976.32999999999992724,1954.06999999999993634,134956,-0.00140090144962846,1971.39745459782284343,1980.68056646417107913,1952.87769183550972230,1948.75600000000008549,1927.75047619047631997,57.18463163024937757
1929.49000000000000909,1964.29999999999995453,1973.65000000000009095,1922.98000000000001819,158768,-0.00157568364338723,1934.06907642226087773,1943.17641271905813483,1915.89998506134429590,1954.90800000000012915,1931.70857142857130384,58.51063829787233317
1954.08999999999991815,1929.00999999999999091,1977.32999999999992724,1909.82999999999992724,150564,-0.01796568752227257,1958.72745727937217453,1967.95090740567934517,1940.32671939658780502,1954.72599999999988540,1934.93809523809500206,39.24853842863250719
1928.76999999999998181,1953.75000000000000000,1954.58999999999991815,1902.59999999999990905,140192,0.01282523159548155,1933.34736771424786639,1942.45130555749847190,1915.18505625153215988,1956.92399999999975080,1939.03999999999973625,50.04390366281990055
1928.66000000000008185,1927.63000000000010914,1937.32999999999992724,1914.08999999999991815,137333,-0.01336916186820214,1933.23710666163492533,1942.34052529670475451,1915.07583101670002179,1948.41800000000012005,1942.10142857142841422,42.22112968425657442
1937.38000000000010914,1928.46000000000003638,1961.58999999999991815,1923.60999999999989996,136609,0.00043058055747203,1941.97780101423700216,1951.12237869781597510,1923.73441326886768366,1940.62999999999988177,1943.47380952380967756,46.66109186477120829
1946.96000000000003638,1939.75000000000000000,1955.71000000000003638,1911.29999999999995453,155927,0.00585441232900852,1951.58053632363225915,1960.77033231967902793,1933.24693826608836389,1935.72000000000002728,1944.77428571428572468,48.27386468952732912
1929.25999999999999091,1946.50000000000000000,1955.05999999999994543,1924.69000000000005457,178665,0.00347982987498385,1933.83853058497902566,1942.94478126467106449,1915.67160502487649865,1939.21800000000007458,1944.62142857142862340,50.01399384270919768
2001.95000000000004547,1925.81999999999993634,2006.27999999999997272,1924.84999999999990905,171431,-0.01062419727716413,2006.70103889812617126,2016.15039178379697660,1987.84962611548030509,1933.63200000000006185,1943.76428571428596115,48.50705754614549647
1984.64000000000010004,2001.52999999999997272,2015.51999999999998181,1975.84999999999990905,158324,0.03931312376026841,1989.34995870964667120,1998.71760710796729654,1970.66154597958347949,1948.41199999999980719,1945.78142857142870525,64.31827923469586494
1946.11999999999989086,1984.83999999999991815,1990.48000000000001819,1929.25999999999999091,148478,-0.00833862095496951,1950.73854283095033679,1959.92437396452601206,1932.41285465464079607,1959.68799999999964712,1947.26857142857147664,59.57732805615711413
1952.90000000000009095,1943.85999999999989996,1962.00999999999999091,1931.99000000000000909,151900,-0.02064650047358985,1957.53463316473971645,1966.75246640254613339,1939.14510094703746290,1960.50999999999976353,1946.68523809523799173,52.28389802739364001
1915.74000000000000909,1953.29999999999995453,1966.09999999999990905,1912.63000000000010914,166630,0.00485631681293919,1920.28644484562346406,1929.32888011982890930,1902.24683070729543033,1961.86999999999966349,1947.33571428571440265,51.74630525548412407
1911.33999999999991815,1916.25000000000000000,1949.11999999999989086,1863.41000000000008185,195407,-0.01896790047611729,1915.87600274109945531,1924.89766968807521152,1897.87782131399990249,1959.95599999999967622,1945.93285714285730137,41.34476447355744000
2027.14000000000010004,1910.99000000000000909,2029.81999999999993634,1901.14000000000010004,193899,-0.00274494455316376,2031.95081994652582580,2041.51907150558531612,2012.86220489209767948,1941.84799999999995634,1944.24428571428552459,41.01551301245499559
2032.89000000000010004,2027.42000000000007276,2049.71999999999979991,2018.97000000000002728,141348,0.06092653546067739,2037.71446587857417398,2047.30985786526298398,2018.57170580379079183,1950.36400000000003274,1948.82047619047602893,57.38660300519591573
2063.75000000000000000,2034.48000000000001819,2074.92999999999983629,2015.34999999999990905,179450,0.00348225823953596,2068.64770300257623603,2078.38875648433349852,2049.21434895767743001,1968.48800000000005639,1953.88904761904746010,63.21579831090394208
2038.75000000000000000,2062.36999999999989086,2069.50000000000000000,2034.34999999999990905,154437,0.01370866265581361,2043.58837286323569060,2053.21142448573436923,2024.39043195031626965,1990.30200000000013461,1960.02380952380963208,63.50390372470037903
2018.92000000000007276,2037.39000000000010004,2055.44000000000005457,2009.34999999999990905,166572,-0.01211227859210506,2023.71131219671065082,2033.24076474444586893,2004.70010098007719535,2014.52999999999997272,1965.14142857142860521,63.68442050668263477
1976.50000000000000000,2019.10999999999989996,2019.75000000000000000,1967.42000000000007276,130230,-0.00897226353324609,1981.19064081627720952,1990.51986780922334219,1962.57887860198638919,2036.15399999999999636,1968.77714285714318976,60.83060527133262951
1981.03999999999996362,1976.78999999999996362,1985.69000000000005457,1957.91000000000008185,126937,-0.02095972978193361,1985.74141516958138709,1995.09207130016898191,1967.08690193052325412,2026.02799999999979264,1969.09285714285692848,54.11995016906922018
1955.54999999999995453,1974.71000000000003638,1983.11999999999989086,1954.88000000000010914,156463,-0.00105221090758245,1960.19092215950968239,1969.42126359439748740,1941.77643614981752762,2014.07399999999984175,1969.44095238095223976,53.17073170731708132
1970.19000000000005457,1956.05999999999994543,1971.41000000000008185,1939.32999999999992724,148915,-0.00944442475097618,1974.86566588910773135,1984.16510921277699708,1956.31332194932861057,1992.81199999999989814,1969.04857142857167673,53.41447992412267354
1956.44000000000005457,1970.09999999999990905,1980.67000000000007276,1941.28999999999996362,143093,0.00717769393576884,1961.08303431247031767,1970.31757661354777156,1942.66016759527974500,1979.35400000000004184,1971.00523809523815544,45.87695133149677673
1941.40000000000009095,1958.63000000000010914,1980.97000000000002728,1906.55999999999994543,190304,-0.00582203949038107,1946.00734130064302008,1955.17089368319079767,1927.72609912365123819,1967.25800000000026557,1971.23761904761886399,46.51397866624107991
1902.28999999999996362,1941.70000000000004547,1945.47000000000002728,1899.57999999999992724,178515,-0.00864379693969763,1906.80452523065810055,1915.78347550458261139,1888.89156335733514425,1960.24000000000023647,1971.90761904761939149,49.69307718540413532
1886.64000000000010004,1901.23000000000001819,1906.35999999999989996,1881.19000000000005457,134385,-0.02084256064273571,1891.11738456343096004,1900.02246567345991934,1873.35179131072709424,1945.54399999999986903,1970.61095238095208515,43.20075213496644295
1871.56999999999993634,1887.02999999999997272,1898.51999999999998181,1863.52999999999997272,166007,-0.00746884911346868,1876.01162035543620732,1884.84556994470426616,1858.38793413868938842,1931.73800000000005639,1968.10047619047622902,45.94234294284285625
1840.14000000000010004,1871.33999999999991815,1871.81999999999993634,1840.14000000000010004,157689,-0.00831465318516400,1844.50703050425727270,1853.19262815606612094,1827.17930567703501765,1911.98600000000010368,1964.52142857142848698,44.64897837998324803
1817.46000000000003638,1841.50000000000000000,1843.25999999999999091,1815.65000000000009095,113643,-0.01594579285431830,1821.77320620184741529,1830.35175256693719348,1804.65904816795659826,1888.55999999999994543,1960.50619047619034063,17.25607608312780883
1808.41000000000008185,1817.25999999999999091,1820.33999999999991815,1805.52999999999997272,94531,-0.01316318218843338,1812.70172869140606053,1821.23755838344436597,1795.67279021129184002,1863.67200000000002547,1951.73142857142852336,13.92653115451038559
1797.22000000000002728,1809.54999999999995453,1811.76999999999998181,1795.65000000000009095,82646,-0.00424265102406918,1801.48517252103715691,1809.96818458087159343,1784.56160495879703376,1845.33600000000001273,1943.38428571428562464,4.99822000711996850
1809.83999999999991815,1796.73000000000001819,1813.08999999999991815,1794.76999999999998181,93102,-0.00708463430134565,1814.13512237537611327,1822.67770177376405627,1797.09271826411281836,1827.27599999999983993,1936.37809523809528400,5.22438044206293739
1808.30999999999994543,1809.83999999999991815,1814.86999999999989086,1802.28999999999996362,100522,0.00729658880299211,1812.60149137084863469,1821.13684905544982939,1795.57349454326231353,1814.97599999999988540,1929.54666666666639685,10.30086883939746656
1802.44000000000005457,1809.00999999999999091,1810.68000000000006366,1790.27999999999997272,116981,-0.00045860407549836,1806.71756065413137549,1815.22521150217903596,1789.74483882993399675,1808.47799999999983811,1924.43999999999982720,12.22532420749274706
1799.19000000000005457,1802.26999999999998181,1813.13000000000010914,1797.53999999999996362,106190,-0.00372579477172597,1803.45984773601708184,1811.95215834236114461,1786.51772961897700043,1805.48000000000001819,1919.26285714285700124,11.97406721354850845
1801.99000000000000909,1798.26999999999998181,1810.34999999999990905,1793.89000000000010004,103022,-0.00221942328285996,1806.26649271162318655,1814.77201952620407610,1789.29800832380146858,1803.22400000000016007,1908.35095238095254899,12.80116931491342314
1808.18000000000006366,1803.08999999999991815,1815.75999999999999091,1795.29999999999995453,111764,0.00268035389568855,1812.47118285412398109,1821.00592692905729564,1795.44441017482427014,1804.49599999999986721,1897.33238095238084497,8.83817222852066209
1795.00000000000000000,1808.69000000000005457,1818.10999999999989996,1791.29999999999995453,104773,0.00310577952293012,1799.25990400466366737,1807.73243749939592817,1782.35724112854313717,1804.26600000000007640,1885.25238095238114511,11.94416243654821130
1784.14000000000010004,1795.14000000000010004,1797.15000000000009095,1773.34999999999990905,104384,-0.00749160994974263,1788.37413099213404166,1796.79540447920476254,1771.57373158054565465,1801.49200000000018917,1873.71666666666646961,12.15267017870054644
1772.93000000000006366,1784.25999999999999091,1786.80999999999994543,1769.81999999999993634,93694,-0.00606080862773939,1777.13752735765365287,1785.50588881103294625,1760.44268719444471571,1797.89000000000010004,1862.53333333333353039,14.34493690178625513
1775.36999999999989086,1774.54999999999995453,1776.93000000000006366,1772.41000000000008185,50411,-0.00544203199085336,1779.58331797925325191,1787.96319641409604628,1762.86550149436311585,1793.14599999999995816,1852.90285714285710128,14.74865237557978048
1769.24000000000000909,1774.77999999999997272,1779.32999999999992724,1757.27999999999997272,103759,0.00012961032374403,1773.43877022908691288,1781.78971460803973059,1756.77867704415803018,1787.48399999999992360,1843.38238095238125425,16.49083842309828185
1780.74000000000000909,1770.19000000000005457,1788.91000000000008185,1758.97000000000002728,120573,-0.00258623604052333,1784.96606209318360925,1793.37128732739506631,1768.19767886754425490,1779.78400000000010550,1834.53142857142847788,19.99495077000757703
1771.78999999999996362,1780.26999999999998181,1785.91000000000008185,1764.32999999999992724,107025,0.00569430400126536,1775.99482190329968034,1784.35780247189677539,1759.31071657890902316,1776.80999999999994543,1825.49190476190483423,32.33018056749781977
1772.92000000000007276,1772.16000000000008185,1774.91000000000008185,1765.42000000000007276,109469,-0.00455548877417467,1777.12750362559791029,1785.49581787823353807,1760.43275762764187675,1774.39000000000010004,1816.61238095238104506,32.20710002855240361
1763.24000000000000909,1770.98000000000001819,1771.66000000000008185,1747.26999999999998181,115195,-0.00066585409895270,1767.42453099564522745,1775.74715492837594866,1750.82093696239144265,1773.67599999999993088,1808.48285714285702852,36.21962966927109306
1761.24000000000000909,1763.38000000000010914,1768.68000000000006366,1754.67000000000007276,116366,-0.00429140927621985,1765.41978458449784739,1773.73296836848794555,1748.83502360180250434,1771.39599999999995816,1801.91857142857156759,23.57825295723391434
1767.84999999999990905,1760.43000000000006366,1779.03999999999996362,1760.10999999999989996,136287,-0.00167292358992388,1772.04547147333937573,1780.38985494891744565,1755.39846725854886245,1769.44399999999995998,1795.88999999999987267,23.02310084406931878
1754.49000000000000909,1767.63000000000010914,1770.80999999999994543,1747.19000000000005457,125355,0.00408990985157032,1758.65376544687592286,1766.93508872886627614,1742.13256600981503652,1766.91599999999993997,1790.95142857142877801,30.86187845303874155
1747.95000000000004547,1753.97000000000002728,1762.89000000000010004,1742.63000000000010914,129674,-0.00772786159999550,1752.09824468242436524,1760.34869867803286070,1735.63862932068923328,1763.27800000000024738,1786.78333333333330302,27.88538338658150906
1721.66000000000008185,1743.75000000000000000,1745.01999999999998181,1721.07999999999992724,109618,-0.00582678152990079,1725.74585310789370851,1733.87221634830643779,1709.53379819574820431,1757.83199999999987995,1783.28285714285698305,21.89276241000388268
1725.96000000000003638,1722.72000000000002728,1737.32999999999992724,1717.36999999999989086,114007,-0.01206021505376342,1730.05605789186029142,1738.20271745206537162,1713.80351192101420565,1749.70000000000004547,1779.14809523809526581,14.47227043557317927
1727.18000000000006366,1726.53999999999996362,1730.01999999999998181,1712.53999999999996362,105949,0.00221742360917609,1731.27895320266020462,1739.43137125359703532,1715.01491907097351941,1742.92200000000002547,1775.80571428571420256,19.17131044400495909
1725.10999999999989996,1726.25000000000000000,1732.60999999999989996,1716.59999999999990905,127397,-0.00016796598978297,1729.20404066712262647,1737.34668816411294756,1712.95949874276379887,1734.64599999999995816,1771.82523809523809177,21.18804013112145412
1730.17000000000007276,1724.57999999999992724,1733.94000000000005457,1704.02999999999997272,132556,-0.00096741491672703,1734.27604908732541844,1742.44258016062940442,1717.98385954505397422,1728.76800000000002910,1767.80476190476201737,23.02709705279062291
1727.40000000000009095,1730.34999999999990905,1742.83999999999991815,1722.05999999999994543,124484,0.00334574215171224,1731.49947530788631411,1739.65293177518469747,1715.23336954063825033,1726.08800000000019281,1764.38000000000010914,27.37088723642654031
1737.28999999999996362,1726.93000000000006366,1744.49000000000000909,1721.39000000000010004,131929,-0.00197647874707418,1741.41294631100936385,1749.61308431383031348,1725.05371110875034901,1726.92999999999983629,1760.98285714285702852,27.70103092783500642
1713.32999999999992724,1738.41000000000008185,1739.54999999999995453,1707.79999999999995453,119342,0.00664763482017228,1717.39608430546536511,1725.48312932637327322,1701.26246904889512734,1729.30400000000008731,1757.90285714285755603,28.72967479674798597
1697.24000000000000909,1714.04999999999995453,1720.67000000000007276,1692.09999999999990905,129539,-0.01401280480439027,1701.26789942778555087,1709.27899845207502949,1685.28579606295761550,1726.86400000000003274,1753.39619047619044068,24.65765372873960359
1684.69000000000005457,1697.86999999999989086,1700.48000000000001819,1677.15000000000009095,115385,-0.00943963128263470,1688.68811569783656523,1696.63997778877842393,1672.82418972526215839,1721.52200000000016189,1748.76428571428596115,21.80485923640566170
1713.78999999999996362,1685.41000000000008185,1716.17000000000007276,1670.54999999999995453,124164,-0.00733860660710173,1717.85717598002906925,1725.94639223514741388,1701.71922912183072185,1712.53400000000010550,1744.05714285714270773,21.01702475652366786
1698.97000000000002728,1713.64000000000010004,1721.28999999999996362,1696.69000000000005457,118343,0.01674963362030613,1703.00200507342810852,1711.02126982637810215,1687.00361111986694596,1709.87600000000020373,1741.15666666666675155,35.35890856749483646
1726.51999999999998181,1698.92000000000007276,1731.63000000000010914,1689.33999999999991815,125270,-0.00858990219649403,1730.61738688698142141,1738.76668968883404887,1714.35956766197909928,1701.97800000000029286,1737.54428571428570649,29.46626023549099216
1738.75999999999999091,1727.40000000000009095,1744.98000000000001819,1721.16000000000008185,109080,0.01676359098721547,1742.88643492320261430,1751.09351143534786388,1726.51335742878313795,1704.64799999999991087,1735.50666666666666060,42.70575962224786082
1737.86999999999989086,1739.31999999999993634,1744.43000000000006366,1727.08999999999991815,111081,0.00690054417042951,1741.99432277024197901,1750.19719841619780709,1725.62962598332092057,1712.93800000000010186,1733.55666666666684250,48.79508241309903838
1717.81999999999993634,1729.35999999999989996,1737.50000000000000000,1712.49000000000000909,109651,-0.00572637582503510,1721.89673999849082975,1730.00497815332141727,1705.72084454341734272,1721.72800000000029286,1731.51857142857147664,51.92174114378325100
1710.80999999999994543,1717.78999999999996362,1727.30999999999994543,1705.34999999999990905,115469,-0.00669033630938609,1714.87010382741982539,1722.94525426091445297,1698.76021821455310601,1722.55800000000022010,1728.98571428571403885,47.57631156168633169
1710.18000000000006366,1709.04999999999995453,1715.80999999999994543,1693.51999999999998181,114922,-0.00508793275080188,1714.23860870790849731,1722.31078549454991844,1698.13465550596788489,1724.58400000000006003,1726.39857142857158578,45.44877222692631591
1727.50999999999999091,1710.30999999999994543,1735.31999999999993634,1708.60999999999989996,113598,0.00073725168953520,1731.60973636049948254,1739.76371203597841486,1715.34259477547061579,1721.16599999999993997,1724.01190476190481604,46.21585786263590734
1734.40000000000009095,1729.58999999999991815,1734.64000000000010004,1721.50000000000000000,55924,0.01127281019230431,1738.51608774690180326,1746.70258473479248096,1722.18406630269942070,1719.22000000000002728,1722.20047619047613807,49.81193704840146097
1725.65000000000009095,1733.77999999999997272,1739.84999999999990905,1724.19000000000005457,106256,0.00242253944576465,1729.74532219813249867,1737.89051853528280844,1713.49569535012301458,1720.10400000000004184,1721.23904761904782390,51.68860622195925458
1747.83999999999991815,1726.83999999999991815,1748.46000000000003638,1716.97000000000002728,124014,-0.00400281465929941,1751.98798362981119681,1760.23791841723891594,1735.52940408585686782,1721.91399999999998727,1720.43380952380948656,47.08255585253916564
1744.71000000000003638,1748.00000000000000000,1753.64000000000010004,1742.34999999999990905,88895,0.01225359616409172,1748.85055549636581418,1757.08571645101460490,1732.42144967653530330,1729.70400000000017826,1721.63761904761895494,58.70111230714030626
1731.85999999999989996,1744.14000000000010004,1747.48000000000001819,1726.03999999999996362,61270,-0.00220823798627001,1735.97005980474455100,1744.14456780373461697,1719.66195633475126670,1736.47000000000002728,1722.47571428571427532,62.65798544618927224
1745.66000000000008185,1732.72000000000002728,1764.73000000000001819,1727.24000000000000909,55652,-0.00654763952435011,1749.80281004166090497,1758.04245506696133816,1733.36475852281500920,1737.09600000000000364,1722.78380952380939561,63.01656303307102291
1729.89000000000010004,1741.85999999999989996,1750.85999999999989996,1728.31999999999993634,50146,0.00527494344152535,1733.99538458976462607,1742.16059404224529317,1717.70583167457152740,1738.71199999999998909,1723.60666666666656965,58.67560255779630296
1715.91000000000008185,1729.95000000000004547,1736.29999999999995453,1710.75000000000000000,48646,-0.00683751851469105,1719.98220717584536033,1728.08142998862876993,1703.82429728405509195,1739.33400000000006003,1723.58761904761922779,59.70718888819371983
1702.93000000000006366,1716.03999999999996362,1717.66000000000008185,1698.81999999999993634,49557,-0.00804069481776937,1706.97140296749967092,1715.00935921495624825,1690.93571957383301196,1732.94200000000023465,1723.06904761904752377,46.08977006746518867
1696.81999999999993634,1701.97000000000002728,1710.45000000000004547,1693.21000000000003638,42976,-0.00819910957786529,1700.84690268144458969,1708.85601927449852155,1684.86875425723383159,1724.50800000000026557,1721.33380952380935014,37.33125296791263992
1702.38000000000010914,1697.28999999999996362,1711.90000000000009095,1691.95000000000004547,46812,-0.00274975469602878,1706.42009770443428351,1714.45545791098697919,1690.38959339967118467,1717.42200000000002547,1720.53571428571422075,38.71807500175896877
1714.50000000000000000,1702.42000000000007276,1723.11999999999989086,1701.21000000000003638,48124,0.00302246522397476,1718.56886095598656539,1726.66142846390766863,1702.42422836483979154,1709.53400000000010550,1720.75238095238069036,44.33635492667113454
1684.97000000000002728,1715.44000000000005457,1721.70000000000004547,1683.81999999999993634,47455,0.00764793646691175,1688.96878019539735760,1696.92196390716276255,1673.10221759574460521,1706.63200000000006185,1722.18238095238098140,52.28263199256986837
1705.60999999999989996,1685.13000000000010914,1707.85999999999989996,1682.44000000000005457,45796,-0.01766893624959187,1709.65776315843686461,1717.70836920520582680,1693.59684347702204832,1700.45000000000004547,1720.82476190476199918,42.55117737545857182
1701.96000000000003638,1705.36999999999989086,1711.39000000000010004,1691.90000000000009095,40255,0.01201094277592807,1705.99910095809332233,1714.03247873341047125,1689.97255159394740076,1701.12999999999988177,1721.13190476190470690,42.87563242734437807
1698.65000000000009095,1700.80999999999994543,1713.03999999999996362,1691.73000000000001819,42567,-0.00267390654227528,1702.68124564764457318,1710.69899997679613080,1686.68586498217268854,1701.83400000000006003,1719.86571428571437536,40.32286469034337983
1685.36999999999989086,1700.07999999999992724,1705.34999999999990905,1669.91000000000008185,48496,-0.00042920726007023,1689.36972947762660624,1697.32480121914022675,1673.49940026786225644,1701.36599999999998545,1717.99714285714298967,41.84842207871328412
1711.08999999999991815,1686.60999999999989996,1721.44000000000005457,1681.20000000000004547,51038,-0.00792315655733844,1715.15076832498039039,1723.22724037929879159,1699.03824608503555282,1695.59999999999990905,1715.96142857142876892,30.38031319910506056
1708.31999999999993634,1711.95000000000004547,1716.91000000000008185,1697.76999999999998181,47966,0.01502422018131044,1712.37419454554128606,1720.43759199385408465,1696.28775608062005631,1700.96399999999994179,1715.68333333333316659,40.95430787388296068
1713.00999999999999091,1708.59999999999990905,1714.71000000000003638,1691.93000000000006366,54476,-0.00195683285142678,1717.07532487968182977,1725.16085947679107448,1700.94472291120109730,1701.60999999999989996,1715.66190476190490699,42.90003532320731239
1726.01999999999998181,1713.64000000000010004,1727.21000000000003638,1706.00999999999999091,204405,0.00294978344843733,1730.11620028419474693,1738.26314304886204809,1713.86308932183192155,1704.17599999999993088,1715.82047619047625631,41.48769305019312981
1730.53999999999996362,1727.76999999999998181,1736.22000000000002728,1710.27999999999997272,183045,0.00824560584486811,1734.64692717338743932,1742.81520467420864406,1718.35125351676265382,1709.71399999999994179,1715.73380952380944109,49.35111322776519671
1713.15000000000009095,1730.28999999999996362,1738.54999999999995453,1706.89000000000010004,610084,0.00145852746604014,1717.21565712846222596,1725.30185253598347117,1701.08373684644243440,1718.45000000000004547,1715.56761904761901860,54.55009898460949103
1686.52999999999997272,1713.80999999999994543,1718.70000000000004547,1680.10999999999989996,355601,-0.00952441498245959,1690.53248239609206394,1698.49302942387521398,1674.65123001700385430,1718.82199999999966167,1714.94714285714280777,53.72327044025153953
1695.72000000000002728,1686.04999999999995453,1697.64000000000010004,1659.69000000000005457,255418,-0.01619782823066729,1699.74429215531381487,1707.74821666656021080,1683.77650190890994963,1714.31199999999989814,1711.99714285714298967,46.91344463971880430
1683.19000000000005457,1694.71000000000003638,1702.31999999999993634,1671.39000000000010004,275225,0.00513626523531330,1687.18455588947631441,1695.12933786886264897,1671.33475470482039782,1710.52599999999983993,1709.64333333333343035,47.92306449005980085
1717.68000000000006366,1683.61999999999989086,1718.42000000000007276,1679.36999999999989086,280460,-0.00654389246537768,1721.75640774971066094,1729.86398509412947533,1705.58183060817623300,1701.69599999999991269,1707.30523809523833734,41.33819686411146677
1717.15000000000009095,1716.73000000000001819,1738.58999999999991815,1707.82999999999992724,280353,0.01966595787648062,1721.22514995075675870,1729.33022565575925000,1705.05556356762008363,1698.98399999999992360,1706.10857142857139479,58.47275847275842153
1728.03999999999996362,1716.08999999999991815,1731.45000000000004547,1707.68000000000006366,222597,-0.00037280178012855,1732.14099415945338478,1740.29747147434886756,1715.86886181602653778,1699.43999999999982720,1705.44857142857131294,53.21188878235857089
1713.23000000000001819,1726.50999999999999091,1747.47000000000002728,1708.75999999999999091,261727,0.00607194261373234,1717.29584698490793926,1725.38241999837896401,1701.16317338086582822,1707.53199999999992542,1705.94714285714280777,57.43892555285397350
1685.01999999999998181,1714.04999999999995453,1722.52999999999997272,1674.96000000000003638,157613,-0.00721687102883850,1689.01889885567584315,1696.97231857115980347,1673.15186542975925477,1711.40000000000009095,1706.52238095238089954,53.78652355396540230
1644.47000000000002728,1683.26999999999998181,1690.20000000000004547,1642.75999999999999091,157574,-0.01795746915200835,1648.37266536966535568,1656.13468606943274608,1632.88747204381934353,1711.32999999999992724,1705.85476190476174452,49.17236594310637798
1646.70000000000004547,1644.94000000000005457,1656.94000000000005457,1642.25000000000000000,175936,-0.02277115376618122,1650.60795761809458781,1658.38050408370759214,1635.10176544087585171,1696.97200000000020736,1703.11761904761920050,34.39959025934726355
1662.19000000000005457,1647.41000000000008185,1673.83999999999991815,1642.34999999999990905,143298,0.00150157452551469,1666.13471857243007435,1673.98037899003952589,1650.48266441863688669,1683.23600000000010368,1699.87809523809528400,35.69591846276131264
1616.98000000000001819,1658.90000000000009095,1669.18000000000006366,1608.46000000000003638,347614,0.00697458434755172,1620.81742594844627092,1628.44969180377347584,1605.59109290252467872,1669.71399999999994179,1698.62904761904792394,37.57828810020878763
1613.78999999999996362,1617.57999999999992724,1625.69000000000005457,1605.80999999999994543,190051,-0.02490807161372000,1617.61985542266620541,1625.23706424075203358,1602.42356109238539830,1650.42000000000007276,1694.44857142857131294,27.74209186765244795
1591.47000000000002728,1612.60999999999989996,1620.00999999999999091,1582.34999999999990905,457542,-0.00307249100508167,1595.24688547426285368,1602.75874223240316496,1580.26076798821327429,1636.28800000000001091,1690.24857142857149483,26.46211696935760926
1574.89000000000010004,1590.94000000000005457,1600.44000000000005457,1569.20000000000004547,380772,-0.01343784299985729,1578.62753772585233492,1586.06113565093255602,1563.79754622893119631,1625.48800000000005639,1685.05142857142868706,25.92389387467186168
1621.81999999999993634,1576.59999999999990905,1623.45000000000004547,1573.97000000000002728,410884,-0.00901353916552483,1625.66891226342249865,1633.32402327870204317,1610.39700323514989577,1611.32600000000002183,1679.81285714285718313,27.36297828335062832
1627.69000000000005457,1622.45000000000004547,1632.77999999999997272,1611.18000000000006366,233491,0.02908156793099081,1631.55284298013975786,1639.23566083197306398,1616.22565894847843992,1604.03600000000005821,1675.55095238095236709,37.04739370473939886
1632.19000000000005457,1626.65000000000009095,1635.25000000000000000,1613.83999999999991815,136063,0.00258867761718395,1636.06352240522119246,1643.76758059172084359,1620.69396400980349426,1605.84999999999990905,1671.64857142857113104,39.52949825399748818
1613.36999999999989086,1628.92000000000007276,1644.79999999999995453,1596.21000000000003638,79716,0.00139550610149697,1617.19885867632524423,1624.81408506317552565,1602.00651928666161439,1609.11200000000008004,1667.61428571428541545,31.79801832428179864
1630.25000000000000000,1616.10999999999989996,1639.16000000000008185,1598.22000000000002728,63243,-0.00786410627900702,1634.11891838640826791,1641.81381962862951696,1618.76762805003204448,1614.14599999999995816,1662.29714285714271682,30.27073960059993851
1554.20000000000004547,1628.77999999999997272,1635.71000000000003638,1552.72000000000002728,153242,0.00783981288402402,1557.88843610253388761,1565.22437568889199611,1543.25327251363910364,1624.58199999999987995,1657.46333333333359406,30.88448147713496894
1503.81999999999993634,1552.10999999999989996,1561.17000000000007276,1482.63000000000010914,631241,-0.04707204165080614,1507.38887400573435116,1514.48701624531554444,1493.22811496040435486,1610.51399999999989632,1649.76333333333332121,24.68421710855432138
1470.32999999999992724,1498.16000000000008185,1515.79999999999995453,1454.86999999999989086,590970,-0.03475913433970523,1473.81939535107358097,1480.75946229999249226,1459.97399573734310252,1584.81600000000003092,1640.81619047619051344,23.01682166700685173
1485.67000000000007276,1470.65000000000009095,1500.67000000000007276,1463.90000000000009095,646360,-0.01836252469696165,1489.19580032457315610,1496.20827321433284851,1475.20595121306018882,1553.16199999999980719,1630.14666666666676065,23.76651916072131598
1527.56999999999993634,1485.66000000000008185,1546.13000000000010914,1472.70000000000004547,685495,0.01020637133240410,1531.19523763810798300,1538.40548164398433073,1516.81083611739768457,1527.07200000000011642,1620.72000000000002728,26.53961070983091020
1511.58999999999991815,1528.03999999999996362,1553.72000000000002728,1465.38000000000010914,677499,0.02852604229769917,1515.17731381304133720,1522.31213103048003177,1500.94338836629231082,1506.92399999999997817,1611.73476190476185366,32.58079974442254922
1567.50000000000000000,1514.26999999999998181,1575.22000000000002728,1451.06999999999993634,741941,-0.00901154420041361,1571.21999973666311234,1578.61871631214648914,1556.45959636155521366,1499.35599999999999454,1602.12428571428563373,35.15959433447297044
1576.39000000000010004,1529.53999999999996362,1597.77999999999997272,1504.30999999999994543,546910,0.01008406691012831,1580.13109753421281312,1587.57177557084833097,1565.28698124937295688,1505.63200000000006185,1592.74476190476184456,38.41002316042081333
1633.92000000000007276,1575.84999999999990905,1650.05999999999994543,1560.64000000000010004,650410,0.03027707676817859,1637.79762805086352273,1645.50985196602391625,1622.41177906671282472,1526.67200000000002547,1586.16380952380973213,48.03007754366724669
1649.07999999999992724,1634.43000000000006366,1671.19000000000005457,1632.86999999999989086,463092,0.03717358885680744,1652.99360584735973134,1660.77738608997424308,1637.46500233997653595,1556.42599999999993088,1583.83809523809509301,56.76770040959626584
1679.64000000000010004,1648.85999999999989996,1680.27999999999997272,1641.63000000000010914,334131,0.00882876599181359,1683.62613100968997060,1691.55415672506160263,1667.80975848977527676,1580.58999999999991815,1584.02476190476204465,53.33602809286813340
1693.00000000000000000,1679.64000000000010004,1703.00000000000000000,1657.04999999999995453,407337,0.01866744296059109,1697.01783703615342347,1705.00892294511277214,1681.07565973850910268,1613.66399999999998727,1585.55952380952385283,56.27234203735707041
1672.04999999999995453,1673.66000000000008185,1691.92000000000007276,1643.43000000000006366,399428,-0.00356028672810837,1676.01811837938589633,1683.91031873028691734,1660.27321728634024112,1642.48800000000005639,1586.26238095238113601,55.24969492161832818
1637.46000000000003638,1672.06999999999993634,1674.49000000000000909,1634.91000000000008185,313770,-0.00095001374233727,1641.34602919859412395,1649.07496217702555441,1625.92684571495510681,1661.73199999999997090,1588.85714285714288962,56.74379368522536282
1639.78999999999996362,1636.54999999999995453,1652.46000000000003638,1631.73000000000001819,564625,-0.02124312977327503,1643.68155876758055456,1651.42148951929493705,1628.24043478004114149,1662.15599999999972169,1589.99714285714298967,50.88749286122216375
1589.47000000000002728,1640.45000000000004547,1649.14000000000010004,1584.72000000000002728,454466,0.00238306192905813,1593.24213906311570099,1600.74455567251516186,1578.27485462762433599,1660.47399999999970532,1592.35476190476174452,62.10203298810895234
1589.56999999999993634,1589.25000000000000000,1610.81999999999993634,1575.17000000000007276,642542,-0.03121094821542869,1593.34237638367289946,1600.84526500050947107,1578.37415029565363511,1642.39599999999995816,1592.95714285714279868,62.57350302294119615
1643.63000000000010914,1585.72000000000002728,1649.32999999999992724,1562.71000000000003638,562728,-0.00222117350951700,1647.53067187698343332,1655.28872771427973021,1632.05338843237200308,1624.80799999999999272,1591.20809523809543862,67.00960827790093788
1640.78999999999996362,1644.55999999999994543,1660.20000000000004547,1635.03999999999996362,604494,0.03710617259036897,1644.68393197315435827,1652.42858279923893861,1629.23339146033549696,1619.30600000000004002,1592.06095238095235800,70.79407453936346428
1635.05999999999994543,1640.45000000000004547,1654.80999999999994543,1624.76999999999998181,721272,-0.00249914870846912,1638.94033350521726788,1646.65793830516008711,1623.54374968224828990,1620.08600000000001273,1592.60999999999989996,66.34769203920770053
1658.91000000000008185,1634.29999999999995453,1663.71000000000003638,1625.74000000000000909,755914,-0.00374897131884544,1662.84693445814855295,1670.67711303182340998,1647.22576650727114611,1618.85599999999999454,1593.47619047619036792,67.85151253755314826
1653.11999999999989086,1658.84999999999990905,1689.15000000000009095,1650.68000000000006366,775536,0.01502172183809569,1657.04319359787700705,1664.84604294094765464,1641.47654732836622316,1632.77600000000006730,1594.90809523809525672,68.71508379888265949
1619.55999999999994543,1642.85999999999989996,1649.09999999999990905,1618.73000000000001819,484302,-0.00963920788498052,1623.40354881882603877,1631.04799246602874518,1608.15292113768441595,1644.20400000000017826,1599.22952380952369822,60.63144534348721493
1612.04999999999995453,1619.18000000000006366,1623.55999999999994543,1603.68000000000006366,492840,-0.01441388797584686,1615.87572604496813256,1623.48472193364955274,1600.69581646867300151,1639.12799999999992906,1604.99238095238069945,47.27921498661908828
1601.33999999999991815,1611.22000000000002728,1612.74000000000000909,1599.31999999999993634,440770,-0.00491606862732985,1605.14030901327464562,1612.69875290544973723,1590.06125042271946768,1633.28199999999992542,1611.68619047619040430,43.12586748484186927
1584.17000000000007276,1601.24000000000000909,1604.96000000000003638,1582.18000000000006366,412271,-0.00619406412532120,1587.92956107357554174,1595.40696128881222648,1573.01218422206375180,1626.67000000000007276,1617.18999999999982720,34.50470392916435003
1582.11999999999989086,1580.74000000000000909,1583.59999999999990905,1578.66000000000008185,189752,-0.01280257800204843,1585.87469600214944876,1593.34242006492695509,1570.97662302745993657,1611.04800000000000182,1619.69952380952395288,32.63177570093456836
1575.77999999999997272,1583.34999999999990905,1584.58999999999991815,1572.80999999999994543,373712,0.00165112542227042,1579.51964987881274283,1586.95744867008238543,1564.68127767439318632,1599.14599999999995816,1622.98904761904782390,33.47981528377772520
1565.97000000000002728,1575.61999999999989086,1578.11999999999989086,1565.32999999999992724,463425,-0.00488205387311713,1569.68636873213540639,1577.07786359383226227,1554.94037264070470883,1590.43399999999996908,1625.18333333333316659,37.34474307315246477
1567.41000000000008185,1565.61999999999989086,1570.27999999999997272,1561.57999999999992724,390559,-0.00634670796257986,1571.12978614816142908,1578.52807791695158812,1556.37023026032875350,1581.31399999999985084,1624.69619047619062258,34.84179394725109091
1571.65000000000009095,1567.49000000000000909,1573.86999999999989086,1561.90000000000009095,373461,0.00119441499214368,1575.37984853979378386,1582.79815342391407285,1560.58036658477726633,1574.56399999999985084,1621.50857142857148574,44.49113924050632107
1571.74000000000000909,1571.72000000000002728,1576.83999999999991815,1567.77999999999997272,371444,0.00269858180913429,1575.47006212829523975,1582.88879181910897387,1560.66973268600372649,1572.75999999999976353,1617.83523809523808268,46.46821392532794448
1566.25999999999999091,1569.94000000000005457,1573.85999999999989996,1559.97000000000002728,382797,-0.00113251724225683,1569.97705696175171397,1577.36992064501600908,1555.22833007798999461,1570.07799999999997453,1612.61142857142885987,23.56525435737566454
1555.86999999999989086,1566.22000000000002728,1568.09999999999990905,1552.26999999999998181,376133,-0.00236951730639390,1559.56239935584153500,1566.90622146639816492,1544.91151016973049082,1568.19800000000009277,1607.49523809523816453,23.63055062166961307
1552.42000000000007276,1555.51999999999998181,1562.23000000000001819,1547.32999999999992724,421996,-0.00683173500529943,1556.10421179661284441,1563.43174965059188253,1541.48580962271489625,1566.17800000000011096,1601.94523809523798263,22.89057123193393295
1577.05999999999994543,1552.45000000000004547,1579.45000000000004547,1548.74000000000000909,424683,-0.00197361653980654,1580.80268758194688417,1588.24652806841072561,1565.95226222516998860,1563.17000000000007276,1597.94047619047614717,7.03440478113394363
1592.77999999999997272,1576.33999999999991815,1593.42000000000007276,1569.01999999999998181,460594,0.01538857934232984,1596.55999437356445014,1604.07803442912972969,1581.56154123939882084,1564.09400000000005093,1594.88761904761895494,24.74946856969326348
1573.74000000000000909,1589.09999999999990905,1590.06999999999993634,1570.72000000000002728,507081,0.00809470038189719,1577.47480853944261980,1584.90297837899674960,1562.65564604659266479,1567.92599999999993088,1594.88047619047620174,37.54966887417212007
1576.21000000000003638,1573.74000000000000909,1585.77999999999997272,1572.11999999999989086,492718,-0.00966584859354347,1579.95067035720944659,1587.39049878045852893,1565.10824904691980919,1569.42999999999983629,1594.31000000000017280,35.38221528861151910
1566.71000000000003638,1576.31999999999993634,1577.82999999999992724,1563.17000000000007276,380804,0.00163940676350594,1570.42812490425990291,1577.82311262099096894,1555.67516058412252278,1573.58999999999991815,1591.06047619047603803,39.68543046357611104
1581.40000000000009095,1566.98000000000001819,1582.83999999999991815,1565.31999999999993634,401247,-0.00592519285424276,1585.15298729413666479,1592.61731290336751954,1570.26169421764825529,1576.49600000000009459,1587.56190476190454319,43.72491791317036558
1580.76999999999998181,1581.85999999999989996,1588.14000000000010004,1575.70000000000004547,483761,0.00949597314579620,1584.52149217462510933,1591.98284413700275763,1569.63613150906257943,1577.59999999999990905,1585.06476190476200827,49.38889344598473485
1562.31999999999993634,1571.29999999999995453,1575.64000000000010004,1556.35999999999989996,367603,-0.00667568558532361,1566.02770653179163673,1573.40197312203690672,1551.31608075762983390,1574.03999999999996362,1580.89571428571412071,48.26839826839828618
1558.46000000000003638,1562.34999999999990905,1567.76999999999998181,1551.72000000000002728,380507,-0.00569592057531987,1562.15854595827750018,1569.51459306145329720,1547.48326797169329438,1571.76199999999994361,1577.06190476190499794,48.67814698035410714
1558.09999999999990905,1558.31999999999993634,1559.06999999999993634,1550.03999999999996362,231410,-0.00257944762697215,1561.79769160427076713,1569.15203948067323836,1547.12580356678722637,1568.16199999999980719,1574.16380952380973213,46.35677393722681217
1560.68000000000006366,1557.93000000000006366,1568.41000000000008185,1546.18000000000006366,137410,-0.00025026952102258,1564.38381447465098972,1571.75034014292896245,1549.68763180194696361,1566.35199999999986176,1571.62619047619045887,44.34882386689614009
1557.06999999999993634,1560.49000000000000909,1562.54999999999995453,1555.94000000000005457,47738,0.00164320604905233,1560.76524720252996303,1568.11473340233101226,1546.10305818608389927,1562.07799999999997453,1569.68571428571431170,46.15196677253845081
1552.44000000000005457,1556.71000000000003638,1561.03999999999996362,1549.18000000000006366,100163,-0.00242231606738907,1556.12425926072432958,1563.45189151619069889,1541.50566875632080155,1559.15999999999985448,1568.54142857142824141,46.12942612942610765
1556.14000000000010004,1552.09999999999990905,1557.89000000000010004,1547.83999999999991815,100236,-0.00296137366625782,1559.83304012134681216,1567.17813665198332274,1545.17960847341032604,1557.11000000000012733,1567.05333333333351220,48.53545734840695047
1546.08999999999991815,1556.00000000000000000,1557.95000000000004547,1545.77999999999997272,123760,0.00251272469557384,1549.75918940533165369,1557.05684918854649368,1535.20039383645075759,1556.64599999999995816,1566.11904761904770567,51.50948209881791229
1548.32999999999992724,1546.08999999999991815,1548.67000000000007276,1535.72000000000002728,141706,-0.00636889460154244,1552.00450538581662840,1559.31273813562097530,1537.42461680031033211,1554.27800000000002001,1565.18904761904764200,35.40198822507474574
1560.25000000000000000,1547.34999999999990905,1561.20000000000004547,1546.35999999999989996,114203,0.00081495902567119,1563.95279399625428596,1571.31729003255281896,1549.26066042942034073,1551.64999999999986358,1564.23000000000001819,27.33687981760930086
1552.27999999999997272,1561.73000000000001819,1562.70000000000004547,1545.52999999999997272,127575,0.00929330791352956,1555.96387954783244822,1563.29075659139948584,1541.34679568747355916,1552.65399999999999636,1563.75428571428551550,43.41051245473499165
1556.78999999999996362,1552.08999999999991815,1561.13000000000010914,1540.07999999999992724,166945,-0.00617264187791755,1560.48458270496939804,1567.83274728394667363,1545.82503031560145246,1552.65200000000004366,1562.90428571428560645,37.66167634178633250
1576.26999999999998181,1556.06999999999993634,1611.22000000000002728,1552.04999999999995453,286216,0.00256428428763789,1580.01081274954367473,1587.45092437725497803,1565.16782644773752509,1552.66599999999993997,1562.42095238095225795,44.12366691802215257
1564.82999999999992724,1573.95000000000004547,1577.10999999999989996,1555.10999999999989996,179096,0.01149048564653277,1568.54366327778143386,1575.92977725469609140,1553.80840202516901627,1558.23799999999982901,1563.29857142857122199,45.87289992695406937
1559.75999999999999091,1565.49000000000000909,1587.89000000000010004,1559.42000000000007276,202940,-0.00537501191270373,1563.46163112552312668,1570.82381432538045374,1548.77411165607600196,1561.86599999999998545,1563.91952380952375279,46.90067214339062929
1528.66000000000008185,1551.86999999999989086,1553.32999999999992724,1527.76999999999998181,193432,-0.00870015139029956,1532.28782443218346998,1539.50321331912346068,1517.89315889891872757,1559.89399999999977808,1562.75428571428551550,44.67479674796749833
1520.06999999999993634,1528.79999999999995453,1531.17000000000007276,1518.26999999999998181,101014,-0.01486593593535535,1523.67743859630581937,1530.85228204440477384,1509.36366101518910909,1555.23599999999987631,1559.88285714285711947,37.43188010899189067
1514.50999999999999091,1521.93000000000006366,1525.10999999999989996,1514.43000000000006366,88304,-0.00449372056514907,1518.10424357331635292,1525.25284340791654358,1503.84282187275198339,1548.40799999999990177,1557.41571428571432989,35.47449967721115627
1510.98000000000001819,1514.72000000000002728,1515.91000000000008185,1510.59999999999990905,89925,-0.00473740579395898,1514.56586615764149428,1521.69780412971431360,1500.33768479131276763,1536.56199999999989814,1554.48238095238093592,32.20035778175322605
1510.92000000000007276,1510.75000000000000000,1515.10999999999989996,1507.14000000000010004,109781,-0.00262094644554767,1514.50572376530726615,1521.63737853291786450,1500.27810739049505173,1525.61400000000003274,1551.80476190476178999,32.15284249767016433
1504.33999999999991815,1510.80999999999994543,1512.38000000000010914,1502.50999999999999091,79001,0.00003971537315905,1507.91010807263251081,1515.01070475088636158,1493.74445243415743789,1517.40200000000004366,1548.42142857142857792,33.37895499557210144
1485.24000000000000909,1499.16000000000008185,1500.06999999999993634,1484.18000000000006366,67720,-0.00771109537268078,1488.76477984617645234,1495.77522310395693239,1474.77897984053356595,1511.47399999999993270,1544.98619047619035882,28.46317065777516575
1477.97000000000002728,1485.19000000000005457,1485.92000000000007276,1477.06999999999993634,74965,-0.00931855172229779,1481.47752664165614078,1488.45365495876444584,1467.56018477479278772,1504.12599999999997635,1541.31190476190477057,27.61358623731811690
1478.67000000000007276,1477.52999999999997272,1480.78999999999996362,1475.68000000000006366,77664,-0.00515758926467325,1482.17918788555766696,1489.15862025472529240,1468.25525445099901845,1496.68799999999987449,1537.46476190476209922,25.48799325937375215
1475.44000000000005457,1478.71000000000003638,1481.51999999999998181,1473.09999999999990905,86424,0.00079863014625770,1478.94152243155485849,1485.90570896050621741,1465.04800437364792742,1490.28000000000020009,1533.69238095238097230,17.87648970747568455
1475.84999999999990905,1475.16000000000008185,1479.13000000000010914,1470.30999999999994543,88026,-0.00240074118657474,1479.35249544583984971,1486.31861720528308979,1465.45511661256841762,1483.15000000000009095,1529.62904761904746920,18.76065946560555631
1475.75999999999999091,1475.94000000000005457,1480.34999999999990905,1474.05999999999994543,79780,0.00052875620271697,1479.26228185733839382,1486.22797881008818877,1465.36575051134195746,1478.50600000000008549,1525.78285714285698305,16.59301259067797218
1475.35999999999989996,1475.91000000000008185,1479.72000000000002728,1472.96000000000003638,89745,-0.00002032602951341,1478.86133257510891781,1485.82514149811072457,1464.96856783922407885,1476.65000000000009095,1522.15476190476192642,1.97884012539184084
1466.25000000000000000,1475.52999999999997272,1477.84999999999990905,1461.61999999999989086,155864,-0.00025746827381079,1469.72971267233310755,1476.65052171782122059,1455.92273248174183209,1476.25000000000000000,1518.32285714285717404,2.14893617021273542
