OPEN,CLOSE,HIGH,LOW,VOLUME,Return,QPL,QPL+,QPL-,MA5,MA21,RSI
1.64022000000000001,1.64539999999999997,1.64714000000000005,1.63369000000000009,99296,,1.64214321451882639,1.64596830057956245,1.63449177450908989,1.64539999999999997,1.64539999999999997,
1.63895999999999997,1.64022000000000001,1.64593999999999996,1.63702999999999999,72983,-0.00314817065759088,1.64088173712537078,1.64470388479464913,1.63323617487252815,1.64280999999999988,1.64280999999999988,
1.63440999999999992,1.63898000000000010,1.63935000000000008,1.63327000000000000,3301,-0.00075599614685828,1.63632640209344760,1.64013793890468507,1.62870206507383242,1.64153333333333329,1.64153333333333329,
1.63429000000000002,1.63431999999999999,1.63500000000000001,1.63288000000000011,80387,-0.00284323176609846,1.63620626138930914,1.64001751835374088,1.62858248415606477,1.63973000000000013,1.63973000000000013,
1.64009999999999989,1.63342000000000009,1.64217999999999997,1.63268999999999997,85294,-0.00055068774780942,1.64202307381468748,1.64584788002861804,1.63437219359132202,1.63846800000000004,1.63846800000000004,
1.64839000000000002,1.64009999999999989,1.65093000000000001,1.63883000000000001,98613,0.00408957892030215,1.65032279412559779,1.65416693308967377,1.64263324199378058,1.63740799999999997,1.63874000000000009,
1.65250000000000008,1.64836999999999989,1.65290000000000004,1.64575999999999989,110931,0.00504237546491071,1.65443761324234595,1.65829133695950959,1.64672888842732768,1.63903799999999999,1.64011571428571434,
1.63888999999999996,1.65253000000000005,1.65325000000000011,1.63626999999999989,85729,0.00252370523608181,1.64081165504795656,1.64463363947326502,1.63316641933716356,1.64174800000000021,1.64166750000000006,
1.63457000000000008,1.63885999999999998,1.64195000000000002,1.63077999999999990,2054,-0.00827216449928292,1.63648658969896599,1.64029849963927732,1.62886150629752313,1.64265599999999989,1.64135555555555546,
1.63420999999999994,1.63464000000000009,1.63620000000000010,1.63298000000000010,132543,-0.00257496064337404,1.63612616758654994,1.63993723798644475,1.62850276354421952,1.64290000000000025,1.64068399999999981,
1.63464000000000009,1.63532000000000011,1.64229000000000003,1.63433000000000006,125239,0.00041599373562384,1.63655667177638020,1.64036874496066143,1.62893126183288772,1.64194400000000007,1.64019636363636345,
1.63596000000000008,1.63467000000000007,1.63771000000000000,1.63156999999999996,128750,-0.00039747572340587,1.63787821952190504,1.64169337102104662,1.63024665192833340,1.63920400000000011,1.63973583333333317,
1.64409000000000005,1.63600999999999996,1.65137000000000000,1.63308999999999993,103233,0.00081973731701201,1.64601775222729718,1.64985186334750988,1.63834825910710125,1.63589999999999991,1.63944923076923077,
1.64824999999999999,1.64400999999999997,1.64942000000000011,1.64020000000000010,97645,0.00488994566047896,1.65018262997076937,1.65402644244690578,1.64249373092305140,1.63693000000000022,1.63977499999999998,
1.65223000000000009,1.64830000000000010,1.65467000000000009,1.64728000000000008,2231,0.00260947317838700,1.65416729665803408,1.65802039071988538,1.64645983136234997,1.63966200000000017,1.64034333333333349,52.26775101657814560
1.65200999999999998,1.65223000000000009,1.65364000000000000,1.65114999999999990,108413,0.00238427470727420,1.65394703870044646,1.65779961970982104,1.64624059967977576,1.64304400000000017,1.64108625000000008,59.57888020417937014
1.65474999999999994,1.65386999999999995,1.65786999999999995,1.64772000000000007,133634,0.00099259788286132,1.65669025144494508,1.66054922228971158,1.64897103063547368,1.64688400000000001,1.64183823529411765,61.80060231415428262
1.64836000000000005,1.65470999999999990,1.65928000000000009,1.64805000000000001,124497,0.00050789965353992,1.65029275894956329,1.65413682795193795,1.64260334676433861,1.65062399999999987,1.64255333333333331,67.20094482874978326
1.63288999999999995,1.64834999999999998,1.64945999999999993,1.63138999999999990,121769,-0.00384357379842992,1.63480461984102510,1.63861261192605956,1.62718737344877384,1.65149199999999996,1.64285842105263158,61.53251969720372472
1.62864999999999993,1.63305999999999996,1.63633999999999991,1.62559000000000009,118597,-0.00927594260927600,1.63055964829479350,1.63435775245936776,1.62296218102097844,1.64844400000000002,1.64236849999999990,45.20043632397059241
1.62439000000000000,1.62857000000000007,1.63125000000000009,1.61928999999999990,2417,-0.00274943970215413,1.62629465329787237,1.63008282290085194,1.61871705844022173,1.64371200000000006,1.64171142857142871,35.76768257619330882
1.62152999999999992,1.62433999999999990,1.62525999999999993,1.62152999999999992,108383,-0.00259737069944810,1.62343129984923507,1.62721279977001720,1.61586704656675595,1.63780600000000010,1.64070857142857118,29.75728852506088629
1.61969000000000007,1.62433000000000005,1.62512999999999996,1.61702999999999997,140561,-0.00000615634657763,1.62158914238577623,1.62536635132220764,1.61403347249431661,1.63172999999999990,1.63995190476190467,37.01983205288544809
1.61732000000000009,1.61965000000000003,1.62349000000000010,1.61248999999999998,117344,-0.00288118793594894,1.61921636347903841,1.62298804544106146,1.61167174936840274,1.62599000000000027,1.63903142857142869,36.71805777068923504
1.62246000000000001,1.61734000000000000,1.62348000000000003,1.61236000000000002,93464,-0.00142623406291487,1.62436239030630958,1.62814605903983423,1.61679379867945650,1.62284599999999979,1.63822285714285698,34.51601791250415374
1.62786000000000008,1.62246000000000001,1.63263000000000003,1.61743999999999999,85371,0.00316569181495541,1.62976872199254785,1.63356498383231918,1.62217493997900730,1.62162399999999995,1.63770095238095226,40.23668639053246210
1.62589999999999990,1.62785000000000002,1.63355000000000006,1.62519999999999998,2441,0.00332211579946495,1.62780642382495011,1.63159811483356521,1.62022178498879987,1.62232599999999993,1.63711761904761932,43.87203364373689141
1.62553999999999998,1.62586999999999993,1.62627999999999995,1.62512999999999996,103706,-0.00121632828577578,1.62744600171253428,1.63123685318073286,1.61986304223549649,1.62263400000000013,1.63604619047619071,35.02311756935266374
1.62762999999999991,1.62651999999999997,1.62972000000000006,1.62335999999999991,135797,0.00039978596074719,1.62953845230961525,1.63333417777634282,1.62194574321995222,1.62400799999999990,1.63480761904761929,30.86788475052689762
1.62152000000000007,1.62768000000000002,1.63135999999999992,1.62135999999999991,120736,0.00071317905712820,1.62342128812389030,1.62720276472410541,1.61585708149027552,1.62607599999999985,1.63427523809523811,27.33148661126490708
1.63325999999999993,1.62152000000000007,1.63348000000000004,1.61986000000000008,139087,-0.00378452767128667,1.63517505367878591,1.63898390862480392,1.62755608127855789,1.62588800000000022,1.63365047619047621,22.43054371910696432
1.62319999999999998,1.63322999999999996,1.63522999999999996,1.61763999999999997,69207,0.00722161922147113,1.62510325798183097,1.62888865243732273,1.61753121433902458,1.62696399999999985,1.63355095238095238,34.55565142364109477
1.62603000000000009,1.62322000000000011,1.62732999999999994,1.62256000000000000,3855,-0.00612895917904999,1.62793657625443378,1.63172857043042141,1.62035133098304840,1.62643400000000016,1.63300571428571395,32.83235414674142305
1.62519999999999998,1.62609000000000004,1.62731000000000003,1.62353999999999998,134939,0.00176809058537963,1.62710560305080820,1.63089566161972455,1.61952422963515441,1.62634800000000013,1.63253333333333339,44.26526246503213002
1.63043000000000005,1.62491999999999992,1.63271000000000011,1.62291000000000007,135097,-0.00071951736988740,1.63234173540618333,1.63614399063170546,1.62473596463453407,1.62579600000000002,1.63162428571428553,46.82332463011300661
1.61553999999999998,1.63037999999999994,1.63108000000000009,1.61369999999999991,125034,0.00336016542352846,1.61743427636764858,1.62120180726872376,1.60989796575484689,1.62756799999999968,1.63077095238095238,55.14655760054538547
1.61613000000000007,1.61559000000000008,1.62125000000000008,1.61406000000000005,138471,-0.00907150480256125,1.61802496816299701,1.62179387497753247,1.61048590526720536,1.62404000000000015,1.62902619047619046,44.05118431799620282
1.61806999999999990,1.61610999999999994,1.62464000000000008,1.61481000000000008,110269,0.00032186383921662,1.61996724287990457,1.62374067388446197,1.61241913010445126,1.62261799999999989,1.62722809523809486,47.44588744588736517
1.61717000000000000,1.61807999999999996,1.62234999999999996,1.61504000000000003,3307,0.00121897643105973,1.61906618759886500,1.62283751975238122,1.61152227322119290,1.62101599999999979,1.62548380952380978,50.53654292343384924
1.61651999999999996,1.61704000000000003,1.61749000000000009,1.61556000000000011,136093,-0.00064273707109652,1.61841542545144734,1.62218524176810064,1.61087454324995072,1.61944000000000021,1.62399285714285724,45.82305795314425723
1.62834999999999996,1.61620000000000008,1.62973999999999997,1.61593999999999993,139421,-0.00051946766932165,1.63025929653444712,1.63405670108200751,1.62266322872655899,1.61660399999999993,1.62318999999999991,40.34477042930546986
1.63535999999999992,1.62844999999999995,1.63630999999999993,1.62593000000000010,109991,0.00757950748669711,1.63727751600121185,1.64109126826632590,1.62964874733949427,1.61917599999999995,1.62318428571428552,51.82719546742212913
1.64527000000000001,1.63535000000000008,1.64527000000000001,1.63372999999999990,110248,0.00423715803371305,1.64719913581799360,1.65103599876512708,1.63952413813181797,1.62302399999999980,1.62370857142857150,55.74495770982444753
1.64572000000000007,1.64527000000000001,1.65209000000000006,1.64349999999999996,106289,0.00606597975968448,1.64764966345851338,1.65148757583116734,1.63997256657344725,1.62846200000000008,1.62470571428571420,60.27333255460818862
1.64616999999999991,1.64569999999999994,1.64843999999999991,1.64378000000000002,2207,0.00026135527907267,1.64810019109903316,1.65193915289720761,1.64042099501507632,1.63419400000000015,1.62594619047619071,65.13520280420635800
1.64776999999999996,1.64620999999999995,1.64816000000000007,1.64510000000000001,122668,0.00030989852342467,1.64970206715421486,1.65354476024312924,1.64201540725198036,1.64019599999999999,1.62732095238095242,59.44962143273158262
1.64820000000000011,1.64714999999999989,1.65050999999999992,1.64131000000000005,132052,0.00057100855905379,1.65013257134404512,1.65397626721734570,1.64244390554064834,1.64393600000000006,1.62849666666666670,70.07213554772687303
1.64829000000000003,1.64816999999999991,1.65505999999999998,1.64688999999999997,127755,0.00061925143429553,1.65022267687214907,1.65406658263055384,1.64253359122897402,1.64650000000000007,1.62946428571428581,69.11357340720223874
1.64759000000000011,1.64830999999999994,1.64962000000000009,1.64145000000000008,119821,0.00008494269401815,1.64952185609800717,1.65336412941671318,1.64183603587532878,1.64710800000000002,1.63053285714285701,70.61519478230232494
1.64634999999999998,1.64758000000000004,1.65291999999999994,1.64382999999999990,99229,-0.00044287785671382,1.64828040215524108,1.65211978372362389,1.64060036639172813,1.64748399999999995,1.63153571428571431,66.53846153846183142
1.64999000000000007,1.64633999999999991,1.65266000000000002,1.64352999999999994,2554,-0.00075261899270451,1.65192467018077949,1.65577254043559541,1.64422765423068462,1.64750999999999981,1.63242428571428566,89.98699609882979189
1.65121999999999991,1.65000999999999998,1.65185000000000004,1.64863000000000004,99325,0.00222918716668485,1.65315611239820037,1.65700685108277224,1.64545335863780418,1.64808200000000005,1.63378095238095211,90.74519230769249134
1.65253000000000005,1.65070999999999990,1.65503000000000000,1.64921000000000006,123183,0.00042423985309181,1.65446764841838045,1.65832144209724563,1.64675878365676942,1.64858999999999978,1.63461333333333303,90.45375650880254170
1.64505999999999997,1.65251999999999999,1.65358999999999989,1.64338999999999991,140696,0.00109649787061339,1.64698888958575096,1.65082526280097475,1.63931487152572419,1.64943199999999979,1.63600857142857148,93.16301703163020420
1.64250000000000007,1.64504999999999990,1.65172000000000008,1.64189999999999992,137398,-0.00452036889114815,1.64442588789746025,1.64825629104750049,1.63676381194667808,1.64892600000000011,1.63691142857142835,80.22208254766371738
1.64199000000000006,1.64247999999999994,1.64478999999999997,1.63525999999999994,96174,-0.00156226254521141,1.64391528990487101,1.64774450370598813,1.63625559304616486,1.64815399999999990,1.63774761904761923,68.43626806833106002
1.64691000000000010,1.64205000000000001,1.64705999999999997,1.63941000000000003,2577,-0.00026179923043201,1.64884105877455478,1.65268174629469655,1.64115841067464463,1.64656200000000008,1.63830333333333344,60.60797973400877936
1.64508999999999994,1.64711000000000007,1.64759000000000011,1.64376000000000011,125404,0.00308151396120704,1.64701892476178546,1.65085536793871079,1.63934476675516616,1.64584200000000003,1.63980428571428583,53.44311377245519878
1.64247999999999994,1.64573999999999998,1.64789000000000008,1.63850000000000007,123296,-0.00083175987031836,1.64440586444677028,1.64823622095567646,1.63674388179371655,1.64448599999999989,1.64121523809523828,50.07230657989883582
1.64907000000000004,1.64246000000000003,1.65203999999999995,1.63897000000000004,109462,-0.00199302441454907,1.65100359144905018,1.65484931621169040,1.64331086719446473,1.64396799999999987,1.64237619047619043,43.83831744988515311
1.64765999999999990,1.64908000000000010,1.65029000000000003,1.64071999999999996,112220,0.00403053955651900,1.64959193817542116,1.65343437473809707,1.64190579141069315,1.64528800000000008,1.64390190476190479,52.67238991969010442
1.65276000000000001,1.64765999999999990,1.65393999999999997,1.64344000000000001,119288,-0.00086108618138614,1.65469791810131284,1.65855224815322178,1.64698798041582450,1.64641000000000015,1.64540000000000020,49.30156121610517772
1.64985000000000004,1.65271999999999997,1.65582999999999991,1.64694999999999991,5491,0.00307102193413700,1.65178450602595106,1.65563204979282719,1.64408814315995544,1.64753200000000000,1.64655571428571412,55.32223026792175347
1.64992999999999990,1.64982000000000006,1.65141000000000004,1.64972999999999992,142599,-0.00175468318892491,1.65186459982871003,1.65571233016012309,1.64416786377180046,1.64834799999999992,1.64724476190476188,52.56880733944953477
1.64626000000000006,1.64819000000000004,1.65294999999999992,1.64528000000000008,123729,-0.00098798656823174,1.64819029662713734,1.65202946831041597,1.64051068070340222,1.64949400000000002,1.64738380952380981,52.10275062514221389
1.64013000000000009,1.64630000000000010,1.65464999999999995,1.63938999999999990,111402,-0.00114671245426801,1.64205310899072243,1.64587798516635431,1.63440208882076421,1.64893800000000001,1.64741238095238063,45.60530679933682308
1.63765999999999989,1.64020000000000010,1.64406999999999992,1.63399999999999990,121194,-0.00370527850331048,1.63958021283053546,1.64339932882608797,1.63194071493004356,1.64744599999999997,1.64712619047619047,38.96240285654304358
1.64301999999999992,1.63765000000000005,1.64660999999999991,1.63566999999999996,119235,-0.00155468845262774,1.64494649761539424,1.64877811343492486,1.63728199592367174,1.64443200000000012,1.64667380952380937,34.62254395036211463
1.64230999999999994,1.64298999999999995,1.64978000000000002,1.63902999999999999,4148,0.00326077000580094,1.64423566511590735,1.64806562517517219,1.63657447549354562,1.64306599999999992,1.64642714285714264,47.77152747728262483
1.64084000000000008,1.64230000000000009,1.64321999999999990,1.63799999999999990,116244,-0.00041996603752903,1.64276394149020932,1.64659047342610698,1.63510960925089033,1.64188800000000024,1.64614095238095248,49.79702300405971016
1.63155999999999990,1.64009999999999989,1.64342999999999995,1.63016000000000005,127453,-0.00133958472873419,1.63347306037015527,1.63727795081976235,1.62586201827684729,1.64064800000000011,1.64578476190476164,47.88549121665570141
1.62070000000000003,1.63159999999999994,1.63464999999999994,1.61829000000000001,125447,-0.00518261081641358,1.62260032664560971,1.62637989095932056,1.61503994521886218,1.63892799999999994,1.64508285714285707,34.34914228052464580
1.61630999999999991,1.62071000000000009,1.62349000000000010,1.61019000000000001,109924,-0.00667443000735468,1.61820517921920470,1.62197450580394853,1.61066527664385695,1.63553999999999999,1.64368761904761906,28.81327238869145901
1.63105999999999995,1.61624999999999996,1.63250000000000006,1.61159999999999992,93465,-0.00275188034873608,1.63297247410291102,1.63677619852416201,1.62536376445281494,1.63019199999999986,1.64204666666666688,28.24896265560165887
1.63397999999999999,1.63104000000000005,1.64060000000000006,1.62959999999999994,2950,0.00915081206496526,1.63589589790361756,1.63970643193046861,1.62827356678516466,1.62793999999999994,1.64102380952380966,36.81672025723471364
1.63203000000000009,1.63400999999999996,1.63451999999999997,1.63200999999999996,78162,0.00182092407298406,1.63394361146136502,1.63774959797762687,1.62633037687143811,1.62672200000000022,1.64049809523809564,40.24581963698731357
1.63311999999999991,1.63307000000000002,1.63874000000000009,1.62871999999999995,112941,-0.00057527187716111,1.63503488952395748,1.63884341798203570,1.62741657020782871,1.62701600000000002,1.64004999999999979,35.07972665148062674
1.62941000000000003,1.63311000000000006,1.63495999999999997,1.62773999999999996,110357,0.00002449374490987,1.63132053942100508,1.63512041594868052,1.62371952683350784,1.62949600000000006,1.63962428571428576,36.73598983965706566
1.63273000000000001,1.62941000000000003,1.63437000000000010,1.62555999999999989,129276,-0.00226561591074703,1.63464443223550693,1.63845205119146753,1.62702793222508357,1.63212800000000025,1.63878142857142883,35.56716876729169030
1.63406999999999991,1.63290000000000002,1.64006999999999992,1.63132999999999995,103878,0.00214187957604284,1.63598600343172151,1.63979674734367675,1.62836325247349034,1.63249999999999984,1.63816999999999990,39.94899489948988247
1.62647999999999993,1.63406000000000007,1.63488000000000011,1.62230999999999992,3050,0.00071039255312644,1.62838710389495334,1.63218014749646168,1.62079975942467747,1.63250999999999991,1.63776999999999995,45.02592352559945255
1.62464000000000008,1.62657000000000007,1.62705999999999995,1.62395000000000000,92236,-0.00458367501805323,1.62654494643149472,1.63033369904865211,1.61896618535223813,1.63121000000000005,1.63669809523809517,41.68916891689169546
1.62175000000000002,1.62596999999999992,1.62917000000000001,1.62063000000000001,115133,-0.00036887437983002,1.62365155780682269,1.62743357078008155,1.61608627824933038,1.62978200000000006,1.63566523809523812,36.25645994832042618
1.62332000000000010,1.62180999999999997,1.62724000000000002,1.61956999999999995,104755,-0.00255847278855081,1.62522339868596966,1.62900907298826692,1.61765079525679245,1.62826200000000010,1.63419333333333339,34.33246673803331817
1.62305000000000010,1.62338000000000005,1.62813000000000008,1.62187999999999999,109612,0.00096805421103596,1.62495308210165779,1.62873812674864271,1.61738173819181497,1.62635800000000019,1.63293428571428545,37.09079678814097036
1.62142999999999993,1.62301999999999991,1.62806999999999991,1.61736999999999997,92196,-0.00022175953874026,1.62333118259578613,1.62711244931089705,1.61576739580194939,1.62414999999999976,1.63173571428571429,42.42317202401979159
1.61939000000000011,1.62142000000000008,1.62534000000000001,1.61776999999999993,2015,-0.00098581656418273,1.62128879062542963,1.62506529994484739,1.61373452019989716,1.62312000000000012,1.63055095238095249,50.75005282062114986
1.62145000000000006,1.61935999999999991,1.62236000000000002,1.61894999999999989,78379,-0.00127049129775147,1.62335120604647609,1.62713251940272130,1.61578732595491092,1.62179800000000007,1.62955857142857163,53.46093923881585397
1.62324000000000002,1.62040999999999991,1.62492999999999999,1.61732000000000009,107485,0.00064840430787472,1.62514330488321046,1.62892879262097079,1.61757107464494720,1.62151800000000001,1.62873761904761905,32.95928182109642535
1.62660999999999989,1.62322000000000011,1.63061999999999996,1.62155000000000005,109396,0.00173412901673053,1.62851725632443678,1.63231060309331788,1.62092930541892577,1.62148600000000020,1.62779619047619062,32.61359974218552793
1.62785000000000002,1.62658999999999998,1.63006999999999991,1.62092999999999998,114648,0.00207612030408688,1.62975871026720287,1.63355494878640717,1.62216497490252665,1.62219999999999986,1.62704809523809502,40.31679617453683306
1.63654000000000011,1.62786999999999993,1.64043000000000005,1.62634999999999996,105984,0.00078692233445432,1.63845889959190849,1.64227540368394309,1.63082462636421099,1.62348999999999988,1.62646571428571418,42.44956772334283102
1.63633000000000006,1.63654999999999995,1.64453999999999989,1.63267000000000007,2550,0.00533212111532255,1.63824865335966585,1.64206466771979076,1.63061535975811744,1.62692799999999993,1.62670142857142852,58.99697580645143091
1.63495999999999997,1.63647999999999993,1.63897000000000004,1.63437999999999994,103081,-0.00004277290641896,1.63687704698741654,1.64068986642984549,1.62925014428026826,1.63014199999999998,1.62745238095238087,54.93656922228333883
1.62864000000000009,1.63478999999999997,1.63715000000000011,1.62745999999999991,136890,-0.00103270434102465,1.63054963656944896,1.63434771741345597,1.62295221594449801,1.63245599999999991,1.62833523809523806,50.99211742321267593
1.63965000000000005,1.62866000000000000,1.64159999999999995,1.62719999999999998,133059,-0.00374971708904503,1.64157254617416792,1.64539630296257799,1.63392376514969295,1.63286999999999982,1.62822190476190465,52.94947784363520782
1.63111000000000006,1.63965000000000005,1.64162000000000008,1.62644999999999995,124998,0.00674787862414505,1.63302253272963549,1.63682637375372209,1.62541358983521822,1.63522600000000007,1.62849047619047638,64.92797904845053836
1.62817999999999996,1.63111000000000006,1.63826000000000005,1.62437999999999994,90211,-0.00520842862806081,1.63008909720358397,1.63388610530150324,1.62249382242638784,1.63413800000000009,1.62839714285714288,59.26294820717135536
1.63805000000000001,1.62814999999999999,1.63932999999999995,1.62658999999999998,3683,-0.00181471513263975,1.63997067011898623,1.64379069561665636,1.63232935291278891,1.63247199999999992,1.62816095238095215,54.62298895134707521
1.64060999999999990,1.63809000000000005,1.64093000000000000,1.63702999999999999,129432,0.00610508859748804,1.64253367180727672,1.64635966737013062,1.63488041249183524,1.63313199999999981,1.62857428571428575,62.31812980219069686
1.63474999999999993,1.63504000000000005,1.63718000000000008,1.62586999999999993,149187,-0.00186192455847967,1.63666680075517390,1.64047913046569338,1.62904087767417449,1.63440799999999986,1.62867619047619039,60.87511977004143660
1.63285999999999998,1.63475999999999999,1.64220999999999995,1.63091000000000008,148499,-0.00017124963303650,1.63477458466499037,1.63858250678832351,1.62715747821933188,1.63342999999999994,1.62870952380952372,62.65614727153189989
1.63524000000000003,1.63287000000000004,1.64257000000000009,1.62216000000000005,160308,-0.00115613301035011,1.63715737529707339,1.64097084771538193,1.62952916642172663,1.63378200000000007,1.62900952380952391,60.10051880674456726
1.63023000000000007,1.63518999999999992,1.64301000000000008,1.62474000000000007,183609,0.00142081120971049,1.63214150089928567,1.63594328971346537,1.62453666310492117,1.63519000000000014,1.62944857142857114,59.78100996894904995
1.64545999999999992,1.63030000000000008,1.65730000000000000,1.62929999999999997,5353,-0.00299047817073239,1.64738935859954627,1.65122666463745515,1.63971347458495020,1.63363199999999997,1.62985285714285721,52.95806091532460158
1.64134000000000002,1.64546999999999999,1.64826000000000006,1.64091000000000009,187066,0.00930503588296627,1.64326452775745357,1.64709222572170733,1.63560786307492267,1.63571800000000001,1.63090476190476208,61.48825065274158419
1.65144000000000002,1.63894000000000006,1.65861999999999998,1.63797999999999999,183403,-0.00396847101436060,1.65337637035578799,1.65722762209283658,1.64567259032037860,1.63655399999999984,1.63166285714285708,51.60510409670928311
1.62871999999999995,1.65145000000000008,1.65595000000000003,1.62688999999999995,145316,0.00763298229343357,1.63062973037220771,1.63442799778075187,1.62303193655634304,1.64026999999999989,1.63309285714285712,58.61433997007722496
1.62951000000000001,1.62873000000000001,1.63491000000000009,1.61579999999999990,134149,-0.01375760695146688,1.63142065667445380,1.63522076640780067,1.62381917759831440,1.63897800000000027,1.63353904761904745,47.19236471460342841
1.60854999999999992,1.62928999999999991,1.63267000000000007,1.60657000000000005,118167,0.00034382617131135,1.61043608035157360,1.61418731017622941,1.60293237729487292,1.63877600000000001,1.63396190476190495,50.30776746458227677
1.61779000000000006,1.60847999999999991,1.62256000000000000,1.60745000000000005,3091,-0.01277243461876032,1.61968691457024794,1.62345969259892597,1.61214010796299312,1.63137800000000022,1.63326000000000038,36.10591067130238230
1.62105000000000010,1.61776000000000009,1.62219000000000002,1.61732000000000009,135263,0.00576942206306597,1.62295073703268078,1.62673111756624089,1.61538872289568491,1.62714199999999987,1.63283952380952391,44.08821185014613775
1.63192000000000004,1.62031999999999998,1.63566999999999996,1.61678000000000011,144025,0.00158243497181276,1.63383348248257132,1.63763921247259492,1.62622076103015090,1.62091600000000002,1.63247999999999993,46.52030930583946855
1.62199000000000004,1.63190999999999997,1.63660000000000005,1.62063000000000001,146589,0.00715290806754210,1.62389183921509983,1.62767441188196971,1.61632544008486589,1.62155199999999988,1.63225904761904750,47.29327259985980447
1.62121000000000004,1.62200000000000011,1.63166000000000011,1.60331000000000001,134730,-0.00607263880973818,1.62311092463819873,1.62689167830083292,1.61554816411937541,1.62009399999999992,1.63156952380952380,44.61246075028920188
1.63883000000000001,1.62125999999999992,1.64162000000000008,1.61882999999999999,126468,-0.00045622688039471,1.64075158469588711,1.64457342919779315,1.63310662887827962,1.62264999999999970,1.63092523809523793,44.44352979914383894
1.66846000000000005,1.63881999999999994,1.67067000000000010,1.63390999999999997,3767,0.01083108199795224,1.67041632689278319,1.67430727023507631,1.66263315049044413,1.62686199999999981,1.63140904761904770,52.16915785636160763
1.66894999999999993,1.66846999999999990,1.67005000000000003,1.66609000000000007,134865,0.01809228591303502,1.67090690143468246,1.67479898748476463,1.66312143923799582,1.63649200000000006,1.63278142857142861,60.11673151750973432
1.67050999999999994,1.66568999999999989,1.67720000000000002,1.66334000000000004,132614,-0.00166619717465699,1.67246873058848466,1.67636445464703798,1.66467599116897724,1.64324799999999982,1.63442809523809518,60.89794912853353992
1.66415000000000002,1.67056000000000004,1.67528000000000010,1.65867999999999993,130139,0.00292371329599161,1.66610127326913759,1.66998216544700018,1.65833820252728414,1.65295999999999976,1.63644761904761915,58.24949036627869958
1.65186000000000011,1.66417999999999999,1.67168000000000005,1.64538999999999991,105422,-0.00381907863231490,1.65379686282027327,1.65764909402114102,1.64609112353256615,1.66154399999999991,1.63768999999999987,58.30700368615057272
1.66497999999999990,1.65179999999999993,1.66671999999999998,1.64690000000000003,65711,-0.00743909913591079,1.66693224647276295,1.67081507425769682,1.65916530387517791,1.66413999999999973,1.63848809523809535,50.11529086237559483
1.66744000000000003,1.66497999999999990,1.67022000000000004,1.66358999999999990,1744,0.00797917423416883,1.66939513090760494,1.67328369555205136,1.66161671268941791,1.66344199999999987,1.63992714285714292,62.74165202108957828
1.66680999999999990,1.66744000000000003,1.66890999999999989,1.66646999999999990,95019,0.00147749522516794,1.66876439221087702,1.67265148765959459,1.66098891287113681,1.66379200000000016,1.64157333333333311,63.23274366978841243
1.66717000000000004,1.66792000000000007,1.67636000000000007,1.66630999999999996,89767,0.00028786642997658,1.66912481432329307,1.67301274931242694,1.66134765562444042,1.66326399999999985,1.64313190476190507,74.00258439670486155
1.66457999999999995,1.66714999999999991,1.67342999999999997,1.66453000000000007,79283,-0.00046165283706667,1.66653177745896763,1.67041367242121663,1.65876670081595212,1.66385799999999984,1.64488666666666661,71.41618246466032360
1.67127000000000003,1.66456000000000004,1.67615000000000003,1.66147000000000000,87246,-0.00155354947065345,1.67322962171469602,1.67712711813635074,1.66543333698150664,1.66641000000000017,1.64579571428571425,69.17808219178077422
1.67325999999999997,1.67125999999999997,1.67717999999999989,1.66273000000000004,80548,0.00402508771086652,1.67522195505832827,1.67912409227284054,1.66741638720115581,1.66766599999999987,1.64733476190476202,67.81349026708912220
1.68437999999999999,1.67324000000000006,1.68527999999999989,1.66911999999999994,2734,0.00118473487069637,1.68635499364184116,1.69028306332699474,1.67849755224763797,1.66882599999999992,1.64837238095238092,74.99024580569627574
1.68341000000000007,1.68433999999999995,1.68683000000000005,1.68280000000000007,83281,0.00663383615022339,1.68538385628338738,1.68930966387352988,1.67753093982901524,1.67210999999999999,1.65102047619047632,77.94117647058817511
1.67337000000000002,1.68612000000000006,1.68925999999999998,1.66934999999999989,96291,0.00105679375897982,1.67533208403712219,1.67923447777787271,1.66752600304244303,1.67590399999999984,1.65372666666666657,74.35633367662200044
1.67656000000000005,1.67331999999999992,1.68388000000000004,1.67016000000000009,104153,-0.00759139325789393,1.67852582442214060,1.68243565742380352,1.67070486243977023,1.67765600000000004,1.65681428571428557,53.02180685358255374
1.67531999999999992,1.67657999999999996,1.68147000000000002,1.66683000000000003,91493,0.00194822269500161,1.67728437047937473,1.68119131173071423,1.66946919295616958,1.67871999999999977,1.65961523809523803,56.74470457079152652
1.66622000000000003,1.67530000000000001,1.67728000000000010,1.66070999999999991,80506,-0.00076345894618801,1.66817370041552882,1.67205941995078611,1.66040097335877856,1.67913199999999985,1.66223333333333345,53.07233601244487176
1.66022000000000003,1.66622000000000003,1.67427999999999999,1.65337000000000001,2457,-0.00541992478958986,1.66216666520859757,1.66603839240358065,1.65442192747038885,1.67550800000000000,1.66386714285714321,51.27755511022046164
1.65867999999999993,1.66025000000000000,1.66271999999999998,1.65789000000000009,69197,-0.00358296023334259,1.66062485950548511,1.66449299533313111,1.65288730569236875,1.67033399999999999,1.66568857142857163,55.75377910935587522
1.66537000000000002,1.65962999999999994,1.66873999999999989,1.65730000000000000,89090,-0.00037343773528087,1.66732270376121350,1.67120644104826543,1.65955394185792349,1.66759600000000008,1.66751571428571443,45.60538853293910222
1.69107000000000007,1.66538999999999993,1.69198000000000004,1.66121000000000008,84350,0.00347065309737715,1.69305283789756955,1.69699650904212884,1.68516418841319271,1.66535799999999989,1.66878095238095248,48.40268038023991437
1.68321000000000009,1.69104999999999994,1.69243999999999994,1.67636999999999992,88632,0.01540780237662043,1.68518362177648950,1.68910896295528978,1.67733163829940213,1.66850799999999988,1.66985619047619060,62.94348069390028400
1.69737000000000005,1.68310000000000004,1.69751000000000007,1.67827999999999999,92612,-0.00470122113479787,1.69936022486484761,1.70331858796669455,1.69144218659600187,1.67188399999999993,1.67068523809523839,58.26168030664048558
1.71628000000000003,1.69737000000000005,1.71964999999999990,1.69426999999999994,4183,0.00847840294694313,1.71829239749202611,1.72229485978630392,1.71028614622091002,1.67930800000000002,1.67196190476190498,65.16033638295904495
1.71196999999999999,1.71628000000000003,1.71718999999999999,1.71067999999999998,84655,0.01114076483029636,1.71397734386838052,1.71796975499822779,1.70599119825775003,1.69063799999999986,1.67444285714285712,68.69290815479155299
1.68476000000000004,1.70995999999999992,1.71399999999999997,1.68428000000000000,112380,-0.00368238282797684,1.68673543920494673,1.69066439507165112,1.67887622515390289,1.69955199999999995,1.67721238095238090,64.71625521000312631
1.66043999999999992,1.68473999999999990,1.68809000000000009,1.65393999999999997,86072,-0.01474888301480737,1.66238692316618497,1.66625916341364477,1.65464115915296306,1.69829000000000008,1.67815333333333316,50.14400921658984345
1.66705999999999999,1.66036000000000006,1.66805000000000003,1.65758999999999990,98651,-0.01447107565559069,1.66901468534449915,1.67290236380739477,1.66123803978315321,1.69374199999999986,1.67781619047619035,42.02378003467922696
1.67657999999999996,1.66707999999999990,1.68228000000000000,1.66409999999999991,105400,0.00404731504011169,1.67854584787283034,1.68245572751562755,1.67072479259273132,1.68768400000000018,1.67777619047619053,47.99227799227798386
1.69303000000000003,1.67656999999999989,1.69327999999999990,1.67341000000000006,2241,0.00569258823811691,1.69501513606516729,1.69896337804088260,1.68711734340339992,1.67974199999999985,1.67822476190476189,49.99690651487964033
1.69493000000000005,1.69316000000000000,1.69499000000000000,1.69206999999999996,113088,0.00989520270552391,1.69691736388069558,1.70087003676416448,1.68901070793472341,1.67638199999999982,1.67958666666666678,55.04690855657285198
1.69118999999999997,1.69232999999999989,1.69785999999999992,1.68724000000000007,134308,-0.00049020765905183,1.69317297860170823,1.69711692959307281,1.68528376933096036,1.67789999999999995,1.68058999999999981,57.73904795779235144
1.71324999999999994,1.69114000000000009,1.71978000000000009,1.68853000000000009,119239,-0.00070317254908903,1.71525884471252588,1.71925424087496492,1.70726672804727309,1.68405600000000000,1.68144238095238108,59.42285400524682615
1.72791999999999990,1.71321999999999997,1.72815000000000007,1.70927000000000007,144810,0.01305628156155003,1.72994604579347300,1.73397565322788227,1.72188549524438583,1.69328399999999979,1.68281761904761917,64.45487403571240748
1.71283000000000007,1.72791999999999990,1.73211000000000004,1.71157000000000004,125486,0.00858033410770354,1.71483835224804082,1.71883276894666071,1.70684819483508599,1.70355400000000001,1.68480809523809505,66.09026812824870944
1.71103000000000005,1.71283999999999992,1.71676999999999991,1.70171999999999990,2832,-0.00872725589147649,1.71303624168596125,1.71702646068249920,1.70505448106856905,1.70748999999999995,1.68669000000000002,55.92989713166059573
1.70655000000000001,1.71100000000000008,1.71202999999999994,1.70642000000000005,136681,-0.00107423927512196,1.70855098873145250,1.71253076011391903,1.70059012680523791,1.71122400000000008,1.68832904761904756,57.85384528769285595
1.70863000000000009,1.70876000000000006,1.71635000000000004,1.70168999999999992,154984,-0.00130917592051438,1.71063342760318871,1.71461804966361697,1.70266286271321321,1.71474799999999972,1.68992238095238068,53.43921734404253243
1.72675000000000001,1.70874999999999999,1.73506000000000005,1.70369999999999999,137828,-0.00000585219691474,1.72877467392812134,1.73280155285617732,1.72071958129614999,1.71385399999999999,1.69194761904761881,47.43336287408819629
1.70621000000000000,1.72675000000000001,1.73144999999999993,1.70520000000000005,134646,0.01053401609363580,1.70821059006972642,1.71218956855291071,1.70025131420489584,1.71362000000000014,1.69511428571428580,55.30087769148200749
1.70747000000000004,1.70625000000000004,1.71635000000000004,1.70035000000000003,105807,-0.01187201389894310,1.70947206746318203,1.71345398433782381,1.70150691384145780,1.71230199999999999,1.69733428571428568,56.99967458509607354
1.72724999999999995,1.70747000000000004,1.72748999999999997,1.70345999999999997,3178,0.00071501831501841,1.72927526019536559,1.73330330515177788,1.72121783512018234,1.71159600000000012,1.69933809523809498,68.05119166219640192
1.72119000000000000,1.72727000000000008,1.72822999999999993,1.71999999999999997,53148,0.01159610417752588,1.72320815463636512,1.72722206732910033,1.71517899877290891,1.71529799999999999,1.70106285714285699,70.96190011840924683
1.72436999999999996,1.72083000000000008,1.73025000000000007,1.71771999999999991,154710,-0.00372842693962150,1.72639188329603854,1.73041321192911912,1.71834789309375524,1.71771400000000019,1.70285952380952388,65.74864787930553689
1.74201999999999990,1.72432999999999992,1.75051000000000001,1.72049999999999992,158495,0.00203390224484679,1.74406257852976165,1.74812506796381517,1.73593625308210164,1.71723000000000003,1.70414333333333312,62.23024405555992900
1.76676999999999995,1.74222000000000010,1.77580000000000005,1.74011000000000005,167148,0.01037504422007407,1.76884159875835345,1.77296180659603797,1.76059981737170923,1.72442399999999973,1.70537857142857141,67.26417053083270048
1.77272000000000007,1.76668000000000003,1.77361999999999997,1.75503000000000009,158375,0.01403955872392681,1.77479857533856067,1.77893265891368357,1.76652903787769566,1.73626599999999987,1.70807952380952388,72.51430615164522919
1.80088000000000004,1.77275999999999989,1.80407000000000006,1.76798999999999995,5536,0.00344148346050210,1.80299159390975849,1.80719134820190108,1.79459069324720466,1.74536399999999992,1.71227095238095228,69.61649973642595057
1.79669999999999996,1.80088000000000004,1.80347999999999997,1.79631999999999992,146567,0.01586227126063311,1.79880669271559612,1.80299669901068116,1.79042529127829297,1.76137400000000000,1.71896238095238107,72.08499818379954149
1.78929000000000005,1.80370999999999992,1.80580000000000007,1.78482999999999992,157395,0.00157145395584379,1.79138800423503608,1.79556072998988259,1.78304116960613190,1.77725000000000000,1.72546857142857135,79.70967109134902273
1.80135000000000001,1.78937999999999997,1.80746999999999991,1.78797999999999990,160510,-0.00794473612720448,1.80346214500096802,1.80766299535976560,1.79505905184179504,1.78668200000000010,1.73084047619047632,73.69121025269009806
1.80295000000000005,1.80133000000000010,1.81247000000000003,1.76756000000000002,190385,0.00667829080463633,1.80506402105614971,1.80926860270568701,1.79665346407869908,1.79361199999999998,1.73599142857142863,76.42893850282648316
1.78937999999999997,1.80293999999999999,1.80821000000000009,1.77336000000000005,168540,0.00089378403735019,1.79147810976313981,1.79565104540309051,1.78313085529445758,1.79964799999999991,1.74125857142857154,76.64799411531717510
1.81203000000000003,1.79066999999999998,1.81326000000000009,1.78546000000000005,5929,-0.00680555093347535,1.81415466766930589,1.81838042439379133,1.80570175352312878,1.79760600000000004,1.74599809523809513,68.69005847953218336
1.80676999999999999,1.81213000000000002,1.81658999999999993,1.80549000000000004,176801,0.01198434105669954,1.80888850013789604,1.81310199024407459,1.80046012329430716,1.79928999999999983,1.75070809523809490,80.78622935566411911
1.82807000000000008,1.80649999999999999,1.82807000000000008,1.79432999999999998,179810,-0.00310684112067017,1.83021347512250232,1.83447663803665395,1.82168573619809071,1.80271400000000037,1.75444999999999984,78.07450246640584623
1.84349000000000007,1.82823000000000002,1.85718000000000005,1.81217999999999990,199168,0.01202878494326054,1.84565155560431604,1.84995067883297204,1.83705188413125220,1.80809400000000009,1.75994476190476190,78.31183398766124526
1.80868000000000007,1.84451000000000009,1.84607000000000010,1.78329000000000004,214640,0.00890478769082659,1.81080073967876931,1.81501868401326827,1.80236345290211131,1.81640799999999980,1.76630238095238101,82.86914000212608755
1.83892999999999995,1.80868999999999991,1.84647000000000006,1.80188999999999999,234712,-0.01941979170619845,1.84108620884704810,1.84537469789709574,1.83250780925607581,1.82001199999999974,1.77106095238095262,69.13272248934043773
1.86482999999999999,1.83891000000000004,1.87481999999999993,1.83757999999999999,6690,0.01670822529012717,1.86701657749030181,1.87136546680919946,1.85831735734095793,1.82536799999999988,1.77725904761904774,70.76764465827565687
1.84145000000000003,1.86434999999999995,1.86888000000000010,1.83617000000000008,237709,0.01383428226503747,1.84360916363395932,1.84790352946692216,1.83501900852919952,1.83693799999999996,1.78381142857142860,70.89019121358596465
1.88121999999999989,1.84254000000000007,1.88121999999999989,1.80103999999999997,212639,-0.01169844717998225,1.88342579533056931,1.88781290705898241,1.87465011769274237,1.83979999999999988,1.79030142857142871,63.98396793587176745
1.88704999999999989,1.88121999999999989,1.97988000000000008,1.80282000000000009,186671,0.02099275999435557,1.88926263120663762,1.89366333882568383,1.88045975728096115,1.84714199999999984,1.79857523809523800,65.44643543797582197
1.83963000000000010,1.88732000000000011,1.89504999999999990,1.82932999999999990,182194,0.00324257662580685,1.84178702962119023,1.84607715111093662,1.83320536460972150,1.86286799999999997,1.80619666666666689,65.87551741161281882
1.82387000000000010,1.83962000000000003,1.84251000000000009,1.81481000000000003,191057,-0.02527393340821915,1.82600855047765043,1.83026191875361022,1.81750040407621793,1.86300999999999983,1.81185333333333309,58.46646444219749839
1.80876999999999999,1.82387999999999995,1.83352000000000004,1.79701000000000000,2967,-0.00855611484980601,1.81089084520687305,1.81510899942647641,1.80245313859043699,1.85491600000000001,1.81659380952380967,53.75220473227059870
1.78875999999999991,1.80874000000000001,1.82573000000000008,1.76876000000000011,169613,-0.00830098471390661,1.79085738279175688,1.79502887255654597,1.78251302055265737,1.84815599999999991,1.81976142857142853,50.92350805681166293
1.77787999999999990,1.79675000000000007,1.81074000000000002,1.76377999999999990,193228,-0.00662892400234416,1.77996462561652136,1.78411074260427993,1.77167101734171073,1.83126199999999995,1.82119333333333300,50.96895518582267925
1.73696000000000006,1.77764000000000011,1.79824000000000006,1.73503999999999992,159386,-0.01063587032141367,1.73899664550524968,1.74304733473233875,1.73089392438289313,1.80932599999999999,1.82142571428571443,44.46192877099458940
1.73764999999999992,1.73694999999999999,1.74805000000000010,1.72862000000000005,181666,-0.02288989896716997,1.73968745455404661,1.74373975290026717,1.73158151466005772,1.78879200000000016,1.81838142857142882,39.96247654784241377
1.73100999999999994,1.73763000000000001,1.75339000000000000,1.72320999999999991,185752,0.00039149083163026,1.73303966892504269,1.73707648241469315,1.72496470387690648,1.77154200000000017,1.81523476190476174,36.07867240319608726
1.72293000000000007,1.73102000000000000,1.81250000000000000,1.70870999999999995,6134,-0.00380403192854639,1.72495019484637524,1.72896816531778996,1.71691292208054191,1.75599799999999995,1.81245571428571406,32.02736515377063142
1.71629000000000009,1.72282000000000002,1.72307999999999995,1.71236000000000010,147762,-0.00473709142586454,1.71830240921737110,1.72230489483221594,1.71029611129739068,1.74121200000000020,1.80871714285714269,35.09770573739199051
1.69611000000000001,1.69931000000000010,1.71090999999999993,1.69293999999999989,109427,-0.01364623117911323,1.69809874747139200,1.70205417218178146,1.69018658695943991,1.72554600000000002,1.80378238095238097,25.19545131485429579
1.68046999999999991,1.69618000000000002,1.70182999999999995,1.67778999999999989,97355,-0.00184192407506578,1.68244040903199066,1.68635936037539902,1.67460120734370399,1.71739199999999981,1.79928285714285718,17.54602647728590625
1.69769999999999999,1.68025000000000002,1.69769999999999999,1.67745999999999995,139973,-0.00939169191948963,1.69969061180122871,1.70364974448179085,1.69177103411986307,1.70591600000000021,1.79300285714285734,17.95347735081554674
1.70161999999999991,1.69767000000000001,1.71018000000000003,1.68290000000000006,176299,0.01036750483559001,1.70361520813642375,1.70758348247929836,1.69567734410027771,1.69924600000000003,1.78782047619047657,10.43328303513695232
1.69673999999999991,1.70165000000000011,1.71259999999999990,1.68764000000000003,7446,0.00234438966348005,1.69872948616811970,1.70268638007423800,1.69081438677772078,1.69501199999999974,1.78179285714285696,9.60710090066574196
1.70412999999999992,1.69672000000000001,1.70653000000000010,1.69391000000000003,167785,-0.00289718802338912,1.70612815119798999,1.71010227900321277,1.69817857829692076,1.69449400000000017,1.77475523809523805,11.80369934780287622
1.67114999999999991,1.69510999999999989,1.70677999999999996,1.67039000000000004,138512,-0.00094888962233020,1.67310948101055734,1.67700669758540655,1.66531375606373877,1.69428000000000023,1.76934666666666685,12.76817209275432674
1.66261999999999999,1.67104999999999992,1.67616999999999994,1.66185000000000005,121911,-0.01419376913592629,1.66456947929137011,1.66844680342246288,1.65681354582574469,1.69243999999999994,1.76135333333333355,12.14187517184495846
1.64710000000000001,1.66273000000000004,1.66321000000000008,1.64449000000000001,115771,-0.00497890547859126,1.64903128155610768,1.65287241216702463,1.64134774712777687,1.68545200000000017,1.75175238095238095,12.39196318329781832
1.64101999999999992,1.64711999999999992,1.65027999999999997,1.63898999999999995,110693,-0.00938817486904076,1.64294415254641701,1.64677110425252304,1.63528898062754191,1.67454600000000009,1.74244666666666670,12.64025646897185595
1.64080000000000004,1.64107000000000003,1.64453000000000005,1.63677000000000006,6400,-0.00367307785710813,1.64272389458882961,1.64655033324245892,1.63506974894496770,1.66341600000000023,1.73101095238095248,15.76692373607545505
1.64189000000000007,1.64070000000000005,1.64295999999999998,1.63888999999999996,85619,-0.00022546265546264,1.64381517265142230,1.64764415324686797,1.63615594228135852,1.65253399999999995,1.71926714285714288,15.31525084090750966
1.63152000000000008,1.63684999999999992,1.64070999999999989,1.62884999999999991,96679,-0.00234655939538009,1.63343301346877601,1.63723781063611451,1.62582215797092489,1.64569399999999999,1.70961142857142856,15.62385923924949793
1.61806000000000005,1.63155999999999990,1.63317000000000001,1.61454999999999993,73284,-0.00323181720988486,1.61995723115455981,1.62373063883855018,1.61240916502797083,1.63946000000000014,1.70045333333333315,15.96300164105628028
1.61254999999999993,1.61799000000000004,1.61918000000000006,1.61112000000000011,77701,-0.00831719336095504,1.61444077048952783,1.61820132854103305,1.60691840788713280,1.63363400000000003,1.69136999999999982,17.24137931034486826
1.61505999999999994,1.61257999999999990,1.62288000000000010,1.61254000000000008,53105,-0.00334365478155008,1.61695371355109407,1.62072012506494723,1.60941964208377586,1.62793600000000005,1.68260000000000010,16.93037974683548441
1.61193000000000008,1.61507000000000001,1.61553999999999998,1.60990999999999995,3738,0.00154410943953165,1.61382004351814512,1.61757915569448851,1.60630057314533259,1.62281000000000009,1.67485857142857131,21.14907932011341529
1.61238999999999999,1.61190999999999995,1.61316999999999999,1.61084000000000005,65010,-0.00195657154179074,1.61428058288400966,1.61804076780644102,1.60675896666344231,1.61782199999999987,1.66890428571428573,6.55521783181374929
1.61341000000000001,1.61304000000000003,1.61657000000000006,1.60969999999999991,82931,0.00070103169531799,1.61530177886918791,1.61906434248946596,1.60777540446446876,1.61411799999999994,1.66297142857142877,3.77673448096000186
1.61995000000000000,1.61349000000000009,1.62031999999999998,1.60858999999999996,81658,0.00027897634280616,1.62184944724474311,1.62562726251591982,1.61429256448281344,1.61321799999999982,1.65737476190476185,4.45441611032092055
1.62515999999999994,1.61999000000000004,1.62587999999999999,1.61295000000000011,78239,0.00402853441917816,1.62706555614942849,1.63085552143607648,1.61948436932923179,1.61470000000000025,1.65247809523809552,10.98067733222539744
1.63088999999999995,1.62519999999999998,1.63267999999999991,1.62134000000000000,79316,0.00321606923499518,1.63280227477204787,1.63660560274365774,1.62519435815264401,1.61672599999999989,1.64894904761904759,20.38496318305141131
1.64155000000000006,1.63087000000000004,1.64188000000000001,1.63044999999999995,4955,0.00348880137829188,1.64347477398969621,1.64730296168585966,1.63581712968101645,1.62051800000000013,1.64583904761904765,28.69181380417346361
1.64009000000000005,1.64155000000000006,1.64237000000000011,1.63864999999999994,82521,0.00654865194650700,1.64201306208934272,1.64583784498270624,1.63436222851484159,1.62622000000000000,1.64399619047619039,46.01174280395257910
1.63124000000000002,1.63897000000000004,1.64484999999999992,1.63111000000000006,77875,-0.00157168529743235,1.63315268515911916,1.63695682935057807,1.62554313582946675,1.63131599999999999,1.64120095238095209,48.41772151898736354
1.62932999999999995,1.63128999999999991,1.63243999999999989,1.62569999999999992,87707,-0.00468586978407182,1.63124044561824588,1.63504013558138439,1.62363980622166260,1.63357600000000014,1.63785047619047619,43.61341115786611056
1.64077000000000006,1.62934000000000001,1.64223000000000008,1.62610999999999994,90146,-0.00119537298702244,1.64269385941279511,1.64652022810472287,1.63503985371552574,1.63440399999999997,1.63464190476190452,44.76800891737504173
1.65361000000000002,1.64078999999999997,1.65602999999999989,1.63797999999999999,91709,0.00702738532166403,1.65554891475562815,1.65940522705574267,1.64783501191667958,1.63638800000000018,1.63205523809523800,55.92198126523805968
1.65688999999999997,1.65362000000000009,1.65810999999999997,1.64688999999999997,5848,0.00781940406755299,1.65883276066875052,1.66269672211488162,1.65110355700233269,1.63880200000000009,1.63122523809523812,73.07941443192110853
1.65857000000000010,1.65684999999999993,1.65900000000000003,1.65608000000000000,91511,0.00195329035691372,1.66051473052669141,1.66438260982809916,1.65277768985108175,1.64237800000000012,1.63094523809523828,79.50939874683368203
1.64464000000000010,1.65917000000000003,1.65938000000000008,1.63938000000000006,94394,0.00140024745752498,1.64656839712126590,1.65040379087267053,1.63889633831353709,1.64795399999999992,1.63151904761904754,79.46285408872253697
1.63094000000000006,1.64467000000000008,1.64690000000000003,1.63091000000000008,80201,-0.00873930941374301,1.63285233339877256,1.63665577797321804,1.62524418353504729,1.65102000000000015,1.63169047619047625,69.00673009979117012
1.62953999999999999,1.63084000000000007,1.63332999999999995,1.62502999999999997,83543,-0.00840898174101801,1.63145069185048852,1.63525087154553650,1.62384907282775637,1.64903000000000022,1.63122095238095244,59.00080906148868820
1.62961000000000000,1.62952999999999992,1.63565999999999989,1.62814999999999999,87766,-0.00080326702803468,1.63152077392790273,1.63532111686692061,1.62391882836312074,1.64421200000000001,1.63087238095238085,58.04090635652686814
1.62090000000000001,1.62962999999999991,1.63144000000000000,1.61856000000000000,9031,0.00006136738814266,1.62280056115250737,1.62658059187756066,1.61523924674847508,1.63876800000000000,1.63078047619047650,55.16391686308113407
1.61800000000000010,1.62088999999999994,1.62139999999999995,1.61707000000000001,71389,-0.00536318059927710,1.61989716080249058,1.62367042856307808,1.61234937456908689,1.63111199999999990,1.63091857142857144,47.77536905130586575
1.61447000000000007,1.61534000000000000,1.61795000000000000,1.61068999999999996,85704,-0.00342404481488556,1.61636302175574587,1.62012805735613896,1.60883170257141761,1.62524599999999997,1.63105000000000011,41.97416020671833792
1.62186999999999992,1.61450999999999989,1.62244000000000010,1.61090000000000000,78853,-0.00051382371513120,1.62377169851096115,1.62755399133102552,1.61620585916709802,1.62197999999999998,1.63102333333333327,34.44188722669728975
1.61888000000000010,1.62186999999999992,1.62305000000000010,1.61701999999999990,80670,0.00455865866423877,1.62077819263284062,1.62455351260333503,1.61322630129938394,1.62044800000000011,1.63149761904761892,40.67408376963346939
1.61379999999999990,1.61894000000000005,1.62108999999999992,1.61234000000000011,55930,-0.00180655662907625,1.61569223615763846,1.61945570928003413,1.60816404244721389,1.61830999999999992,1.63177857142857152,42.89658345795475469
1.61219000000000001,1.61379999999999990,1.61626000000000003,1.61151000000000000,3573,-0.00317491692094840,1.61408034837711201,1.61784006688820070,1.60655966513382942,1.61689200000000000,1.63179333333333321,41.37816245006653304
1.61339999999999995,1.61223000000000005,1.61359000000000008,1.61165000000000003,72039,-0.00097285909034572,1.61529176714384315,1.61905430744355372,1.60776543938798788,1.61627000000000010,1.63142380952380961,32.20338983050854154
1.61436000000000002,1.61369999999999991,1.61760999999999999,1.61023999999999989,79500,0.00091178057721275,1.61625289277695217,1.62001767185110679,1.60872208673013040,1.61610799999999988,1.63087619047619037,21.02206736353058147
1.61451999999999996,1.61436000000000002,1.61644000000000010,1.61020000000000008,77482,0.00040899795501037,1.61641308038247034,1.62017823258569882,1.60888152795382067,1.61460599999999976,1.63009000000000004,17.96109184135133319
1.61389000000000005,1.61454000000000009,1.61989000000000005,1.61251999999999995,78387,0.00011149929383780,1.61578234168574264,1.61954602469324227,1.60825372813553980,1.61372600000000022,1.62880380952380976,15.22518310737110880
1.61427000000000009,1.61387999999999998,1.61694000000000004,1.60868000000000011,70766,-0.00040878516481480,1.61616278724884821,1.61992735643789865,1.60863240104180472,1.61374200000000023,1.62760904761904790,19.41188158156171539
1.61104000000000003,1.61426000000000003,1.61434999999999995,1.60813000000000006,2960,0.00023545740699427,1.61292899996245009,1.61668603660831978,1.60541368133855467,1.61414800000000014,1.62679809523809515,27.52169197396973743
1.61173999999999995,1.61104000000000003,1.61202000000000001,1.60966000000000009,81547,-0.00199472203982010,1.61362982073659200,1.61738848982216021,1.60611123669220013,1.61361599999999994,1.62592666666666674,26.16653776746603910
1.62094000000000005,1.61186000000000007,1.62128999999999990,1.60902999999999996,84049,0.00050898798291787,1.62284060805388686,1.62662073206120872,1.61527910705439770,1.61311600000000022,1.62454904761904761,27.51202227284260005
1.61623000000000006,1.62095999999999996,1.62170999999999998,1.61531000000000002,152525,0.00564565160745967,1.61812508541644573,1.62189422543665240,1.61058555603201192,1.61440000000000028,1.62299380952380945,50.08778530223226966
1.62589000000000006,1.61620999999999992,1.62925999999999993,1.61606999999999990,91734,-0.00293036225446652,1.62779641209960535,1.63158807978765341,1.62021181991231922,1.61486599999999991,1.62105857142857124,51.11338622984377622
1.61382000000000003,1.62597999999999998,1.62762000000000007,1.61315000000000008,82211,0.00604500652761719,1.61571225960832843,1.61947577937185838,1.60818397260017543,1.61721000000000004,1.61947809523809516,61.94542803582593393
1.60732000000000008,1.61385000000000001,1.61511999999999989,1.60487000000000002,5561,-0.00746011636059485,1.60920463813415271,1.61295299952905236,1.60170667288775315,1.61777199999999999,1.61801047619047589,42.40242516104593307
1.60773999999999995,1.60726999999999998,1.60999000000000003,1.60708000000000006,89762,-0.00407720667967904,1.60962513059863777,1.61337447145735657,1.60212520609994025,1.61685400000000001,1.61688809523809529,39.65975544922910956
1.59962000000000004,1.60617999999999994,1.60627999999999993,1.59952999999999990,78401,-0.00067816857155301,1.60149560961859083,1.60522601417680533,1.59403356399765306,1.61389800000000005,1.61577619047619048,42.72623138602525472
1.59837000000000007,1.59960999999999998,1.60231999999999997,1.59688000000000008,3020,-0.00409045063442448,1.60024414395048020,1.60397163343780425,1.59278792943757197,1.61057799999999984,1.61434666666666660,39.00313698152663733
1.59756000000000009,1.59837000000000007,1.60071999999999992,1.59749000000000008,66618,-0.00077518895230710,1.59943319419754437,1.60315879471893141,1.59198075824263929,1.60505600000000004,1.61327428571428566,36.58792650918655198
1.59983000000000009,1.59759000000000007,1.60153999999999996,1.59638999999999998,83798,-0.00048799714709358,1.60170585585083347,1.60543675014095744,1.59424283060374683,1.60180400000000001,1.61242904761904771,35.35882661079108402
1.60139999999999993,1.59986999999999990,1.60356000000000010,1.59827999999999992,3360,0.00142714964415136,1.60327769672998022,1.60701225234914280,1.59580734761120846,1.60032400000000008,1.61173190476190475,37.64527539161176151
1.59932000000000007,1.60142999999999991,1.60228999999999999,1.59830999999999990,78448,0.00097507922518703,1.60119525785824424,1.60492496279944508,1.59373461170323361,1.59937399999999985,1.61075857142857148,39.67147834743644808
1.59806000000000004,1.59992000000000001,1.60355000000000003,1.59728000000000003,33423,-0.00094290727662150,1.59993378046478862,1.60366054701453198,1.59247901206667164,1.59943600000000008,1.60985285714285697,38.32247557003249483
1.60207999999999995,1.59809000000000001,1.60224000000000011,1.59719999999999995,1086,-0.00114380719035956,1.60395849405343260,1.60769463547115943,1.59648497281189283,1.59938000000000002,1.60910476190476204,39.21013164472579859
1.60268999999999995,1.60207999999999995,1.60289999999999999,1.60163999999999995,59253,0.00249673047200094,1.60456920929947056,1.60830677327179195,1.59709284247721239,1.60027799999999987,1.60862142857142820,42.26020892687544261
1.60155000000000003,1.60108999999999990,1.60402000000000000,1.59949000000000008,68796,-0.00061794666932991,1.60342787261015363,1.60716277803782304,1.59595682375841830,1.60052200000000022,1.60802095238095255,31.95932449609574633
1.60444000000000009,1.60149999999999992,1.60573999999999995,1.59877000000000002,3246,0.00025607554853257,1.60632126123482566,1.61006290630639382,1.59883673086132627,1.60053599999999996,1.60740857142857108,35.50167553715742486
1.60688000000000009,1.60446000000000000,1.60722999999999994,1.60443000000000002,69684,0.00184826724945375,1.60876412221897769,1.61251145750892388,1.60126820952260474,1.60144400000000009,1.60692857142857148,25.50091074681226644
1.61437999999999993,1.60485999999999995,1.61464000000000008,1.60329000000000010,92486,0.00024930506213927,1.61627291622764191,1.62003774194293060,1.60874201688309149,1.60279799999999994,1.60649904761904772,36.03603603603582428
1.62142999999999993,1.61437999999999993,1.62161000000000000,1.61413999999999991,89082,0.00593198160587205,1.62333118259578613,1.62711244931089705,1.61576739580194939,1.60525799999999985,1.60650476190476210,60.11955593509823359
1.62776000000000010,1.62146999999999997,1.62848999999999999,1.62003000000000008,96338,0.00439177888725095,1.62966860473909891,1.63346463337319903,1.62207528921420074,1.60933400000000004,1.60700142857142869,68.58740578653069520
1.62019000000000002,1.62779999999999991,1.63139999999999996,1.61941000000000002,89285,0.00390386501137852,1.62208972865302048,1.62586810361780798,1.61453172631834896,1.61459399999999986,1.60776047619047624,84.47053069210097931
1.61806000000000005,1.62024999999999997,1.62212000000000001,1.61484999999999990,7034,-0.00463816193635580,1.61995723115455981,1.62373063883855018,1.61240916502797083,1.61775200000000008,1.60772666666666653,73.17796610169496319
1.61627999999999994,1.61813999999999991,1.61975000000000002,1.61576999999999993,135785,-0.00130226816849255,1.61817514404317020,1.62194440066621248,1.61063538141441498,1.62040799999999985,1.60781857142857132,71.17247063671950968
1.61473000000000000,1.61698000000000008,1.62348000000000003,1.61125000000000007,117607,-0.00071687245850161,1.61662332661471297,1.62038896854985115,1.60909079455991444,1.62092799999999992,1.60738999999999987,68.04471630457739195
1.62043000000000004,1.61473000000000000,1.62044999999999995,1.60942999999999992,93508,-0.00139148288785274,1.62233001006129762,1.62610894471969636,1.61477088815388470,1.61957999999999980,1.60743190476190478,63.82536382536397923
1.62858999999999998,1.62044000000000010,1.62986999999999993,1.61545999999999990,83863,0.00353619490564983,1.63049957794272427,1.63429754218389567,1.62290239056209451,1.61810799999999988,1.60805904761904750,69.61759082217982098
1.62082999999999999,1.62857000000000007,1.62958000000000003,1.61911999999999989,68939,0.00501715583421780,1.62273047907509316,1.62651034655617655,1.61516949121311049,1.61977199999999999,1.60912523809523789,76.00682593856660674
1.61775000000000002,1.62081999999999993,1.62369999999999992,1.61742000000000008,3207,-0.00475877610418962,1.61964686766886845,1.62341955241527791,1.61210024765707050,1.62030800000000008,1.61013523809523806,65.02565747273887098
1.61829000000000001,1.61775000000000002,1.61829000000000001,1.61709999999999998,79094,-0.00189410298490877,1.62018750083749219,1.62396144489452632,1.61263836178702569,1.62046199999999985,1.61105809523809529,62.92675356921175478
1.62512999999999996,1.61664999999999992,1.62535999999999992,1.61501999999999990,83219,-0.00067995673002630,1.62703552097339399,1.63082541629834044,1.61945447409978982,1.62084599999999979,1.61196571428571400,61.63058498387837147
1.61807999999999996,1.62514000000000003,1.62677999999999989,1.61682999999999999,104879,0.00525160053196427,1.61997725460524955,1.62375070893037399,1.61242909518093192,1.62178599999999973,1.61316904761904767,64.63345598641379297
1.61783000000000010,1.61807999999999996,1.62613000000000008,1.61569000000000007,99282,-0.00434424111153509,1.61972696147162742,1.62349983278257404,1.61217996826891574,1.61968800000000002,1.61396190476190471,58.54888773926536771
1.62458999999999998,1.61783999999999994,1.62473000000000001,1.61484000000000005,94034,-0.00014832393948383,1.62649488780477003,1.63028352381909203,1.61891635996983485,1.61909199999999975,1.61481523809523830,52.54262198706643971
1.62857999999999992,1.62457000000000007,1.62880000000000003,1.62146999999999997,4190,0.00415986747762465,1.63048956621737928,1.63428750713798365,1.62289242548561385,1.62045600000000012,1.61607619047619022,52.29018912529556928
1.62830999999999992,1.62864999999999993,1.62935000000000008,1.62816000000000005,75320,0.00251143379478869,1.63021924963306741,1.63401656089835945,1.62262336842063637,1.62285599999999985,1.61734142857142871,50.64954913648174539
1.62694999999999990,1.62972000000000006,1.63148000000000004,1.62240999999999991,64184,0.00065698584717411,1.62885765498616308,1.63265179465432619,1.62126811801926807,1.62377199999999999,1.61870476190476165,58.03223070398644268
1.62590999999999997,1.62694999999999990,1.62875999999999999,1.62437999999999994,86195,-0.00169967847237573,1.62781643555029487,1.63160814987947722,1.62023175006528053,1.62554599999999994,1.61991666666666667,57.38969971481286336
1.62402000000000002,1.62590999999999997,1.62796999999999992,1.62122000000000011,89512,-0.00063923292049539,1.62592421946011156,1.62971152620210757,1.61834835061043769,1.62715999999999994,1.62093809523809496,57.50546310304234510
1.62478999999999996,1.62399000000000004,1.62732000000000010,1.62153999999999998,79702,-0.00118087717032300,1.62669512231166769,1.63048422473733212,1.61911566149944774,1.62704400000000016,1.62184904761904725,57.82623394185257126
1.62298000000000009,1.62477000000000005,1.62670000000000003,1.62126999999999999,3321,0.00048029852400577,1.62488300002424357,1.62866788142725860,1.61731198265645038,1.62626800000000005,1.62234380952380963,53.99225520929366695
1.62273000000000001,1.62294999999999989,1.62387999999999999,1.62214999999999998,85846,-0.00112015854551728,1.62463270689062145,1.62841700527945843,1.61706285574443398,1.62491399999999997,1.62241428571428559,44.13606010016683001
1.63009000000000004,1.62389000000000006,1.63155000000000006,1.62372000000000005,95918,0.00057919221171332,1.63200133674445724,1.63580279907069714,1.62439715203419199,1.62430200000000013,1.62222809523809519,53.73388469958657510
1.62962999999999991,1.63003999999999993,1.63237000000000010,1.62705000000000011,93309,0.00378720233513352,1.63154079737859226,1.63534118695874464,1.62393875851608205,1.62512800000000013,1.62269428571428564,63.90586105453693477
1.62318000000000007,1.62962000000000007,1.63043999999999989,1.62169000000000008,76074,-0.00025766238865299,1.62508323453114123,1.62886858234549892,1.61751128418606327,1.62625400000000009,1.62324095238095234,64.90461962767184900
1.62708999999999993,1.62318000000000007,1.63073000000000001,1.62095999999999996,79923,-0.00395184153360906,1.62899781914099151,1.63279228529709419,1.62140762908999703,1.62593600000000005,1.62353619047619069,47.63627592860594007
1.62199000000000004,1.62708999999999993,1.62724000000000002,1.62115999999999993,3711,0.00240885176012506,1.62389183921509983,1.62767441188196971,1.61632544008486589,1.62676400000000010,1.62412476190476185,61.75933176716254991
1.62125999999999992,1.62200000000000011,1.62212000000000001,1.62108000000000008,75824,-0.00312828423750366,1.62316098326492320,1.62694185353039300,1.61559798950177846,1.62638600000000011,1.62419904761904754,54.81927710843394408
1.62366999999999995,1.62029000000000001,1.62640999999999991,1.62017999999999995,99009,-0.00105425400739834,1.62557380907304050,1.62936029959518724,1.61799957293361496,1.62443599999999999,1.62380476190476175,44.38909281594116152
1.60970999999999997,1.62366000000000010,1.62612000000000001,1.60936999999999997,98168,0.00207987459035119,1.61159744049158027,1.61535137550202257,1.60408832616662833,1.62324400000000013,1.62394000000000016,43.33422388458479446
1.60955000000000004,1.60969999999999991,1.61447999999999992,1.60556999999999994,94291,-0.00859785915770550,1.61143725288606210,1.61519081476743032,1.60392888494293806,1.62054800000000010,1.62355666666666676,30.10731319554840013
1.61125999999999991,1.60952000000000006,1.61396999999999990,1.60813000000000006,69994,-0.00011182207864813,1.61314925792003749,1.61690680761838390,1.60563291302112887,1.61703399999999986,1.62321714285714291,31.74104336895045719
1.60724000000000000,1.61126999999999998,1.61176000000000008,1.60654999999999992,3208,0.00108728067995423,1.60912454433139351,1.61287271916175623,1.60162695227590790,1.61488799999999988,1.62255666666666665,34.88852188274148602
1.60663000000000000,1.60722999999999994,1.60735000000000006,1.60619000000000001,75118,-0.00250733893140198,1.60851382908535556,1.61226058136112371,1.60101908261058834,1.61227600000000004,1.62204000000000015,33.42563291139228454
1.60197999999999996,1.60660000000000003,1.60952000000000006,1.59966000000000008,103380,-0.00039197874604124,1.60385837679998366,1.60759428501203949,1.59638532204708627,1.60886399999999985,1.62150476190476200,31.97778218607412271
1.60979000000000005,1.60200999999999993,1.61169000000000007,1.59758000000000000,74991,-0.00285696501929544,1.61167753429433946,1.61543165586931869,1.60416804677847358,1.60732599999999981,1.62043047619047620,30.31214742384351268
1.60732000000000008,1.60977999999999999,1.61098000000000008,1.60451999999999995,98736,0.00485015699028102,1.60920463813415271,1.61295299952905236,1.60170667288775315,1.60737799999999997,1.61953190476190478,38.24362606232282502
1.61532999999999993,1.60732000000000008,1.61810000000000009,1.60428999999999999,75663,-0.00152815912733406,1.61722403013540594,1.62099107130457165,1.60968869914875334,1.60658799999999991,1.61846523809523801,29.82954545454548168
1.61470000000000002,1.61532000000000009,1.61786999999999992,1.61223000000000005,3140,0.00497722917651733,1.61659329143867825,1.62035886341211510,1.60906089933047247,1.60820600000000025,1.61791142857142867,38.81064162754302771
1.61495999999999995,1.61470000000000002,1.61630999999999991,1.61467999999999989,106481,-0.00038382487680466,1.61685359629764513,1.62061977460582729,1.60931999131896930,1.60982599999999998,1.61737761904761923,42.69972451790628298
1.61901999999999990,1.61484999999999990,1.61969999999999992,1.61329999999999996,136615,0.00009289651328404,1.62091835678766882,1.62469400324610280,1.61336581237011290,1.61239400000000010,1.61694238095238108,38.73343151693663344
1.61644999999999994,1.61905999999999994,1.62082999999999999,1.61129999999999995,125030,0.00260705328668309,1.61834534337403313,1.62211499644671653,1.61080478771458613,1.61425000000000018,1.61667047619047621,47.24925149700584370
1.62027000000000010,1.61640999999999990,1.62183999999999995,1.61519999999999997,95786,-0.00163675218954207,1.62216982245577968,1.62594838398510433,1.61461144693019421,1.61606799999999984,1.61635904761904747,46.43251195292377531
1.62328000000000006,1.62027000000000010,1.62352000000000007,1.61671999999999993,74764,0.00238800799302163,1.62518335178459017,1.62896893280461885,1.61761093495086983,1.61705800000000011,1.61618666666666666,46.91088026243849640
1.62454000000000010,1.62342000000000009,1.62722000000000011,1.62155999999999989,3138,0.00194412042437375,1.62644482917804578,1.63023334858953217,1.61886653458743157,1.61880200000000007,1.61587142857142840,65.56967771221081875
1.62389000000000006,1.62453000000000003,1.62457000000000007,1.62317000000000000,76408,0.00068374173042085,1.62579406703062812,1.62958107060525159,1.61821880461618939,1.62073800000000001,1.61562904761904758,66.68148477439424937
1.62948000000000004,1.62427000000000010,1.63040000000000007,1.62118999999999991,106842,-0.00016004629031163,1.63139062149841929,1.63519066127006463,1.62378928236887243,1.62178000000000000,1.61568095238095233,64.94252873563229400
1.62457000000000007,1.62951000000000001,1.63101999999999991,1.62444000000000011,98152,0.00322606463211161,1.62647486435408029,1.63026345372726822,1.61889642981687354,1.62440000000000007,1.61579619047619083,74.92170022371375637
1.62297000000000002,1.62457000000000007,1.62705000000000011,1.62166000000000010,101461,-0.00303158618234922,1.62487298829889859,1.62865784638134659,1.61730201757996950,1.62526000000000015,1.61591857142857154,68.33299326668031881
1.62430999999999992,1.62298000000000009,1.62500000000000000,1.62063000000000001,93990,-0.00097872052296910,1.62621455949511318,1.63000254253355581,1.61863733782837649,1.62517200000000028,1.61604666666666663,72.78852423386243231
1.62972000000000006,1.62433000000000005,1.62979999999999992,1.62199000000000004,7003,0.00083180322616427,1.63163090290669643,1.63543150237195278,1.62402844420440795,1.62513200000000002,1.61607857142857125,68.37585248800219517
1.62795000000000001,1.62982999999999989,1.63020999999999994,1.62732000000000010,95574,0.00338601146318784,1.62985882752065159,1.63365529924552710,1.62226462566733298,1.62624400000000024,1.61703714285714284,76.40159512080688842
1.63000999999999996,1.62904000000000004,1.63067000000000006,1.62610000000000010,126028,-0.00048471312959009,1.63192124294169805,1.63572251870340102,1.62431743142234675,1.62615000000000021,1.61796666666666655,69.36758893280649829
1.63948000000000005,1.63000999999999996,1.63996999999999993,1.62600999999999996,117605,0.00059544271472767,1.64140234684330477,1.64522570718207373,1.63375435884952203,1.62723800000000018,1.61885904761904764,71.40061504053701924
1.63450000000000006,1.63948000000000005,1.64328999999999992,1.63363999999999998,103269,0.00580978030809631,1.63641650762155177,1.64022825431789321,1.62879175076215854,1.63053800000000004,1.62039476190476184,77.31204258150405906
1.62704000000000004,1.63450000000000006,1.63505999999999996,1.62458999999999998,82482,-0.00303754849098492,1.62894776051426704,1.63274211006753434,1.62135780370759397,1.63257200000000013,1.62172333333333341,66.83384212821658821
1.62329999999999997,1.62705000000000011,1.63514000000000004,1.62190999999999996,3416,-0.00455796879779746,1.62520337523527991,1.62898900289644288,1.61763086510383092,1.63201600000000013,1.62291571428571424,60.50138176075830643
1.62379000000000007,1.62331000000000003,1.62545999999999990,1.62287000000000003,103447,-0.00229863864048441,1.62569394977717940,1.62948072014613143,1.61811915385138283,1.63087000000000026,1.62356000000000011,53.00751879699244284
1.62803000000000009,1.62423000000000006,1.62897000000000003,1.62037999999999993,103623,0.00056674325914341,1.62993892132341078,1.63373557961282323,1.62234434627917823,1.62971400000000033,1.62436523809523825,50.83833574829225910
1.63647000000000009,1.62802000000000002,1.63701000000000008,1.62651999999999997,85258,0.00233341337125892,1.63838881751449428,1.64220515836255898,1.63075487082884640,1.62742199999999992,1.62497000000000003,53.42223965483431414
1.62854000000000010,1.63647000000000009,1.63654000000000011,1.62576999999999994,90249,0.00519035392685607,1.63044951931600002,1.63424736695433581,1.62285256517969145,1.62781599999999993,1.62600666666666682,60.30753632984122703
1.62995000000000001,1.62853000000000003,1.63131000000000004,1.62528999999999990,77235,-0.00485190684827708,1.63186117258962882,1.63566230842792892,1.62425764096346303,1.62811200000000023,1.62665809523809535,49.20814479638009686
1.62437999999999994,1.62993999999999994,1.63172000000000006,1.62343999999999999,3681,0.00086581149871345,1.62628464157252739,1.63007278785493992,1.61870709336374108,1.62943799999999994,1.62717619047619033,54.60154241645236084
1.62450999999999990,1.62444000000000011,1.62504000000000004,1.62264000000000008,70999,-0.00337435733830682,1.62641479400201083,1.63020324345179590,1.61883663935798938,1.62948000000000026,1.62755857142857119,51.17250240925154969
1.62654999999999994,1.62229000000000001,1.62837000000000010,1.62087000000000003,81798,-0.00132353303292221,1.62845718597236755,1.63225039281784579,1.62086951496004206,1.62833399999999995,1.62765476190476166,48.38249286393906345
1.63437000000000010,1.62654000000000010,1.63484999999999991,1.62576999999999994,95194,0.00261975355824173,1.63628635519206833,1.64009779872103700,1.62866220476791002,1.62634800000000013,1.62780333333333371,47.33861834654602774
1.63067999999999991,1.63431999999999999,1.63683000000000001,1.62783999999999995,101252,0.00478315934437501,1.63259202853980523,1.63639486677950563,1.62498509154655024,1.62750599999999990,1.62826952380952394,53.83720930232554736
1.61444999999999994,1.63067999999999991,1.63392000000000004,1.60743999999999998,79388,-0.00222722600225178,1.61634299830505612,1.62010798726431471,1.60881177241845608,1.62765400000000016,1.62857476190476214,50.46872813768010246
1.61908000000000007,1.61444999999999994,1.62152999999999992,1.61196999999999990,1536,-0.00995290308337626,1.62097842713973828,1.62475421352157512,1.61342560282899705,1.62565599999999999,1.62785761904761905,34.00230090758014967
1.61821999999999999,1.61908999999999992,1.61960999999999999,1.61718000000000006,79967,0.00287404379200340,1.62011741876007798,1.62389119957314221,1.61256860625166110,1.62501600000000002,1.62759666666666658,40.10784439594290518
1.61780999999999997,1.61690000000000000,1.62200999999999995,1.61325999999999992,87406,-0.00135261165222433,1.61970693802093768,1.62347976269074978,1.61216003811595443,1.62308799999999986,1.62730714285714306,43.01252925788234904
1.62112999999999996,1.61775000000000002,1.62369000000000008,1.61450000000000005,91190,0.00052569732203600,1.62303083083543953,1.62681139793353680,1.61546844350752994,1.61977400000000005,1.62699380952380968,46.01376541439631751
1.62013999999999991,1.62115000000000009,1.62843000000000004,1.61688000000000009,87879,0.00210168443826309,1.62203967002629601,1.62581792838824790,1.61448190093594568,1.61786800000000008,1.62658047619047652,47.86762669620605237
1.62317000000000000,1.62013999999999991,1.62412000000000001,1.61555000000000004,81955,-0.00062301452672497,1.62507322280579625,1.62885854729958668,1.61750131910958261,1.61900599999999995,1.62615666666666669,44.32603686635938800
1.62749999999999995,1.62317000000000000,1.62850999999999990,1.62003999999999992,1733,0.00187020874739230,1.62940829988013181,1.63320372217948662,1.62181619722570369,1.61982199999999987,1.62583095238095221,39.61262105591998051
1.62664000000000009,1.62751000000000001,1.62857000000000007,1.62664000000000009,85819,0.00267378031875887,1.62854729150047173,1.63234070823105393,1.62095920064836796,1.62194399999999983,1.62526095238095225,49.15590863952331802
1.62532000000000010,1.62949000000000011,1.62980999999999998,1.62244000000000010,93027,0.00121658238659061,1.62722574375494689,1.63101608217066874,1.61964381055292228,1.62429199999999985,1.62502238095238094,49.63108706345315113
1.61573000000000011,1.62532000000000010,1.63019000000000003,1.61525000000000007,87663,-0.00255908290323970,1.61762449914920148,1.62139247314105206,1.61008730220797935,1.62512599999999985,1.62493999999999983,50.73751257123699077
1.61271999999999993,1.61572000000000005,1.61831999999999998,1.61247999999999991,92292,-0.00590652917579315,1.61461096982039076,1.61837192432153709,1.60708781418730373,1.62424200000000019,1.62457857142857121,45.10505140813594949
1.60214999999999996,1.61271000000000009,1.61383000000000010,1.60193999999999992,85569,-0.00186294655014485,1.60402857613084682,1.60776488079254354,1.59655472834725720,1.62215000000000020,1.62403000000000008,39.50204949142254662
1.61013000000000006,1.60214999999999996,1.61318000000000006,1.60159999999999991,4839,-0.00654798444853699,1.61201793295606555,1.61577284743032701,1.60450685937881565,1.61707800000000002,1.62279809523809537,26.56955571740729738
1.61264999999999992,1.61013999999999990,1.61292999999999997,1.60968000000000000,88287,0.00498704865337207,1.61454088774297655,1.61830167900015298,1.60701805865193914,1.61320800000000020,1.62154428571428566,35.93150684931514149
1.61139999999999994,1.60931000000000002,1.61677000000000004,1.60692999999999997,109281,-0.00051548312569083,1.61328942207486592,1.61704729826115190,1.60577242409185805,1.61000599999999983,1.62062904761904791,45.53819444444454234
1.60460000000000003,1.61142000000000007,1.61282999999999999,1.59058000000000010,86075,0.00131112091517482,1.60648144884034383,1.61022346704098585,1.59899617208501654,1.60914600000000019,1.61974714285714283,43.03613582712929997
1.61037999999999992,1.60463000000000000,1.61288999999999993,1.60126999999999997,89261,-0.00421367489543389,1.61226822608968767,1.61602372357812696,1.60475598629083183,1.60753000000000013,1.61880380952380953,39.71845148315745888
1.60945999999999989,1.61040999999999990,1.61193000000000008,1.60766000000000009,91364,0.00360207649115374,1.61134714735795814,1.61510049935422217,1.60383919925461194,1.60918200000000011,1.61823809523809548,44.31888544891635462
1.60969999999999991,1.60949000000000009,1.61203000000000007,1.60492999999999997,3158,-0.00057128308939947,1.61158742876623529,1.61534134045611033,1.60407836109014768,1.60905200000000015,1.61742619047619041,40.61493882807472033
1.61107000000000000,1.60966999999999993,1.61152000000000006,1.60890000000000000,102592,0.00011183666875825,1.61295903513848482,1.61671614174605582,1.60544357656799663,1.60912400000000000,1.61625238095238122,41.45863925599608280
1.61989000000000005,1.60959999999999992,1.62044000000000010,1.60939999999999994,112913,-0.00004348717438984,1.62178937689267388,1.62556705224044773,1.61423277402392951,1.60875999999999975,1.61524857142857137,38.36790673752773984
1.62373999999999996,1.61989000000000005,1.62417999999999996,1.61587999999999998,107459,0.00639289264413523,1.62564389115045471,1.62943054491657136,1.61806932846897955,1.61181200000000002,1.61550761904761897,44.07280647168639831
1.62254000000000009,1.62375000000000003,1.62473000000000001,1.61775000000000002,110720,0.00238287784973057,1.62444248410906855,1.62822633940713035,1.61687351929130174,1.61447999999999992,1.61572952380952395,45.66203143893584127
1.63341000000000003,1.62254999999999994,1.63517000000000001,1.62206000000000006,64186,-0.00073903002309472,1.63532522955895931,1.63913443431348416,1.62770555742576772,1.61709199999999997,1.61599857142857140,47.80819749960423337
1.63345999999999991,1.63349999999999995,1.63524000000000003,1.62980999999999998,5543,0.00674863640565770,1.63537528818568356,1.63918460954304401,1.62775538280817078,1.62185800000000002,1.61674857142857120,63.77440347071580362
1.63366999999999996,1.63345999999999991,1.63504999999999989,1.63207999999999998,87108,-0.00002448729721460,1.63558553441792620,1.63939534550719634,1.62796464941426455,1.62663000000000002,1.61733476190476155,66.85073899626429750
1.64322999999999997,1.63169000000000008,1.64742000000000011,1.63091000000000008,88357,-0.00108358943592124,1.64515674384763688,1.64898884939907697,1.63749126252976529,1.62898999999999994,1.61788476190476205,77.98408488063692801
1.64525000000000010,1.64324000000000003,1.65017999999999998,1.63971000000000000,88383,0.00707855045995243,1.64717911236730385,1.65101592867330305,1.63950420797885665,1.63288800000000012,1.61884047619047644,79.37522186723495565
1.64254999999999995,1.64521999999999990,1.64659000000000000,1.63963999999999999,91297,0.00120493658869059,1.64447594652418450,1.64830646627706034,1.63681363732908114,1.63742200000000016,1.61968380952380975,81.23151852496098968
1.63864000000000010,1.64250000000000007,1.64704000000000006,1.63806999999999992,125253,-0.00165327433413154,1.64056136191433444,1.64438276332546507,1.63291729242514738,1.63922200000000018,1.62030333333333343,76.74698795180751176
1.66554000000000002,1.63864000000000010,1.66555999999999993,1.63640000000000008,7208,-0.00235007610350080,1.66749290309207665,1.67137703682876948,1.65972334815809441,1.64025799999999999,1.62093761904761902,80.82291100235684667
1.65375999999999990,1.66555000000000009,1.66802999999999990,1.65261999999999998,100614,0.01642215495776989,1.65569909063580134,1.65955575274442269,1.64798448806388920,1.64703000000000022,1.62331047619047619,86.13368283093096522
1.63972000000000007,1.65047000000000010,1.65264000000000011,1.63576999999999995,81116,-0.00905406622437033,1.64164262825158214,1.64546654828396188,1.63399352068505754,1.64847600000000005,1.62510857142857135,72.65089542339167394
1.63481999999999994,1.63972999999999991,1.64199999999999990,1.63403000000000009,68628,-0.00650723733239633,1.63673688283258811,1.64054937578707727,1.62911063320953908,1.64737800000000023,1.62689809523809514,64.87824193229064917
1.63758000000000004,1.63484000000000007,1.63850000000000007,1.63237999999999994,76948,-0.00298219828874258,1.63950011902777648,1.64331904845879206,1.63186099431819853,1.64584600000000014,1.62807428571428581,61.92365835222988579
1.63826999999999989,1.63756999999999997,1.64070999999999989,1.63097000000000003,68613,0.00166988818477654,1.64019092807657341,1.64401146662672049,1.63254858459536312,1.64563199999999976,1.62941999999999987,58.99470899470900775
1.63519999999999999,1.63826999999999989,1.64091000000000009,1.63362999999999992,3536,0.00042746264281823,1.63711732839569368,1.64093070753173387,1.62948930611580378,1.64017599999999986,1.63069857142857133,57.63246425567700726
1.63440000000000007,1.63519999999999999,1.63639000000000001,1.63397999999999999,89489,-0.00187392798500852,1.63631639036810306,1.64012790385877305,1.62869209999735198,1.63712200000000019,1.63215428571428589,56.52129085472736847
1.64019000000000004,1.63624999999999998,1.64098000000000011,1.63088000000000011,138623,0.00064212328767121,1.64211317934279166,1.64593819544182640,1.63446187927964792,1.63642599999999971,1.63338476190476189,51.57882650132050628
