OPEN,HIGH,LOW,CLOSE,VOLUME
115.010002,115.32,112.779999,114.959999,137672400
114.550003,115.309998,113.57,114.089996,99382200
113.790001,117.260002,113.620003,115.809998,142675200
117.639999,117.720001,115.830002,116.790001,116120400
112.889999,115.370003,112.220001,113.019997,144712000
113.910004,116.650002,113.550003,116.5,106243800
115.699997,116.120003,112.25,113.160004,161498200
114.620003,115.550003,114.129997,115.080002,96849000
116.25,116.400002,114.589996,114.970001,83477200
115.279999,117,114.919998,116.970001,100506900
120.059998,125.18,119.279999,124.400002,240226800
125.269997,125.389999,119.650002,121.099998,262330500
121,123.029999,119.620003,121.190002,150712000
118.720001,121.199997,118.150002,120.709999,112559200
121.279999,121.550003,118.809998,119.019997,115393800
119.959999,120.419998,115.660004,115.980003,120639300
116.199997,118.980003,115.629997,117.510002,124423700
116.669998,118.709999,116.449997,116.870003,89946000
117.449997,118.040001,114.589996,115.75,101988000
116.389999,116.550003,114.279999,115.040001,82572600
114.010002,116.550003,112.879997,115.050003,111850700
115.489998,117.279999,114.540001,116.599998,92276800
115.050003,115.43,111.099998,111.199997,143937800
112.370003,116.93,112.199997,115.32,146129200
111.059998,111.989998,107.720001,108.860001,190272600
109.110001,110.68,107.32,108.769997,122866900
109.660004,111.489998,108.730003,110.440002,107624400
114.139999,115.589996,112.349998,114.949997,138235500
117.949997,119.620003,116.870003,119.029999,126387100
118.32,119.199997,116.129997,118.690002,114457900
120.5,121.989998,116.050003,116.32,154515300
115.550003,117.589996,114.129997,115.970001,138023400
117.190002,119.629997,116.440002,119.489998,112295000
119.620003,120.529999,118.57,119.209999,103162300
119.440002,119.669998,117.870003,119.260002,81581900
118.919998,120.989998,118.150002,120.300003,91183000
119.550003,120.669998,118.959999,119.389999,74271000
118.610001,119.82,118,118.029999,76322100
117.589996,119.059998,116.809998,118.639999,74113000
118.639999,118.769997,117.290001,117.339996,73604300
117.18,117.620003,113.75,113.849998,127959300
113.910004,115.849998,112.589996,115.169998,113874200
115.550003,116.75,115.169998,116.029999,76499200
116.57,117.489998,116.220001,116.589996,46691300
116.970001,120.970001,116.809998,119.050003,169410200
121.010002,123.470001,120.010002,122.720001,127728200
122.019997,123.370003,120.889999,123.080002,89004200
123.519997,123.779999,122.209999,122.940002,78967600
122.599998,122.860001,121.519997,122.25,78260400
122.309998,124.57,122.25,123.75,86712000
124.370003,124.980003,123.089996,124.379997,82225500
124.529999,125.949997,121,121.779999,115089200
120.5,123.870003,120.150002,123.239998,81312200
122.43,122.760002,120.550003,122.410004,86939800
122.599998,123.349998,121.540001,121.779999,79184500
124.339996,127.900002,124.129997,127.879997,157243700
127.410004,128.369995,126.559998,127.809998,98208600
128.899994,129.580002,128.039993,128.699997,94359800
128.960007,129.100006,126.120003,126.660004,192541500
125.019997,128.309998,123.449997,128.229996,121251600
131.610001,134.410004,129.649994,131.880005,168904800
132.160004,132.429993,130.779999,130.960007,88223700
131.320007,133.460007,131.100006,131.970001,54930100
133.990005,137.339996,133.509995,136.690002,124486200
138.050003,138.789993,134.339996,134.869995,121047300
135.580002,135.990005,133.399994,133.720001,96452100
134.080002,134.740005,131.720001,132.690002,99116600
133.520004,133.610001,126.760002,129.410004,143301900
128.889999,131.740005,128.429993,131.009995,97664900
127.720001,131.050003,126.379997,126.599998,155088000
128.360001,131.630005,127.860001,130.919998,109578200
132.429993,132.630005,130.229996,132.050003,105158200
129.190002,130.169998,128.5,128.979996,100384500
128.5,129.690002,126.860001,128.800003,91951100
128.759995,131.449997,128.490005,130.889999,88636800
130.800003,131,128.759995,128.910004,90221800
128.779999,130.220001,127,127.139999,111598500
127.779999,128.710007,126.940002,127.830002,90757300
128.660004,132.490005,128.550003,132.029999,104319500
133.800003,139.669998,133.589996,136.869995,120150900
136.279999,139.850006,135.020004,139.070007,114459400
143.070007,145.089996,136.539993,142.919998,157611700
143.600006,144.300003,141.369995,143.160004,98390600
143.429993,144.300003,140.410004,142.059998,140843800
139.520004,141.990005,136.699997,137.089996,142621100
135.830002,136.740005,130.210007,131.960007,177523800
133.75,135.380005,130.929993,134.139999,106239800
135.729996,136.309998,134.610001,134.990005,83305400
135.759995,135.770004,133.610001,133.940002,89880900
136.300003,137.399994,134.589996,137.389999,84183100
137.350006,137.419998,135.860001,136.759995,75693800
136.029999,136.960007,134.919998,136.910004,71297200
136.619995,137.880005,135.850006,136.009995,76774200
136.479996,136.990005,134.399994,135.389999,73046600
135.899994,136.389999,133.770004,135.130005,64280000
134.350006,135.529999,133.690002,135.369995,60145100
135.490005,136.009995,132.789993,133.190002,80576300
131.25,132.220001,129.470001,130.839996,97918500
129.199997,130,127.410004,129.710007,96856700
130.240005,130.710007,128.800003,129.869995,87668800
128.009995,129.720001,125.599998,126,103916400
123.760002,126.709999,118.389999,125.860001,158273000
124.940002,125.559998,122.230003,125.349998,111039900
124.68,126.459999,120.540001,120.989998,148199500
122.589996,124.849998,121.199997,121.260002,164560400
123.75,127.93,122.790001,127.790001,116307900
128.410004,128.720001,125.010002,125.120003,102260900
124.809998,125.709999,121.839996,122.059998,112966300
121.75,123.599998,118.620003,120.129997,178155000
120.980003,121.940002,117.57,121.419998,153766600
120.93,121,116.209999,116.360001,154376600
119.029999,122.059998,118.790001,121.089996,129525800
121.690002,122.169998,119.449997,119.980003,111943300
122.540001,123.209999,121.260002,121.959999,103026500
120.400002,121.169998,119.160004,121.029999,88105100
121.410004,124,120.419998,123.989998,92403800
125.699997,127.220001,124.720001,125.57,115227900
124.050003,125.860001,122.339996,124.760002,111932600
122.879997,123.18,120.32,120.529999,121229700
119.900002,121.43,119.68,119.989998,185549500
120.330002,123.870003,120.260002,123.389999,111912300
123.330002,124.239998,122.139999,122.540001,95467100
122.82,122.900002,120.07,120.089996,88530500
119.540001,121.660004,119,120.589996,98844700
120.349998,121.480003,118.919998,121.209999,94071200
121.650002,122.580002,120.730003,121.389999,80819200
120.110001,120.400002,118.860001,119.900002,85671900
121.650002,123.519997,121.150002,122.150002,118323800
123.660004,124.18,122.489998,123,75089100
123.870003,126.160004,123.07,125.900002,88651200
126.5,127.129997,125.650002,126.209999,80171300
125.830002,127.919998,125.139999,127.900002,83466700
128.949997,130.389999,128.520004,130.360001,88844600
129.800003,133.039993,129.470001,133,106686700
132.520004,132.850006,130.630005,131.240005,91420000
132.440002,134.660004,131.929993,134.429993,91266500
134.940002,135,131.660004,132.029999,87222800
133.820007,135,133.639999,134.5,89347100
134.300003,134.669998,133.279999,134.160004,84922400
133.509995,135.470001,133.339996,134.839996,94264200
135.020004,135.529999,131.809998,133.110001,94812300
132.360001,133.75,131.300003,133.5,68847100
133.039993,134.149994,131.410004,131.940002,84566500
132.160004,135.119995,132.160004,134.320007,78657500
134.830002,135.059998,133.559998,134.720001,66905100
135.009995,135.410004,134.110001,134.389999,66015800
134.309998,135.020004,133.080002,133.580002,107760100
136.470001,137.070007,132.449997,133.479996,151101000
131.779999,133.559998,131.070007,131.460007,109839500
132.039993,134.070007,131.830002,132.539993,75135100
131.190002,131.490005,126.699997,127.849998,137564700
129.199997,130.449997,127.970001,128.100006,84000900
127.889999,129.75,127.129997,129.740005,78128300
130.850006,131.259995,129.479996,130.210007,78973300
129.410004,129.539993,126.809998,126.849998,88071200
123.5,126.269997,122.769997,125.910004,126142800
123.400002,124.639999,122.25,122.769997,112172300
124.580002,126.150002,124.260002,124.970001,105861300
126.25,127.889999,125.849998,127.449997,81918000
126.82,126.93,125.169998,126.269997,74244600
126.559998,126.989998,124.779999,124.849998,63342900
123.160004,124.919998,122.860001,124.690002,92612000
125.230003,127.720001,125.099998,127.309998,76857100
127.82,128,125.209999,125.43,79295400
126.010002,127.940002,125.940002,127.099998,63092900
127.82,128.320007,126.32,126.900002,72009500
126.959999,127.389999,126.419998,126.849998,56575900
126.440002,127.639999,125.080002,125.279999,94625600
125.57,125.800003,124.550003,124.610001,71311100
125.080002,125.349998,123.940002,124.279999,67637100
124.279999,125.239998,124.050003,125.059998,59278900
124.68,124.849998,123.129997,123.540001,76229200
124.07,126.160004,123.849998,125.889999,75169300
126.169998,126.32,124.830002,125.900002,71057600
126.599998,128.460007,126.209999,126.739998,74403800
127.209999,127.75,126.519997,127.129997,56877900
127.019997,128.190002,125.940002,126.110001,71186400
126.529999,127.440002,126.099998,127.349998,53522400
127.82,130.539993,127.07,130.479996,96906500
129.940002,130.600006,129.389999,129.639999,62746300
130.369995,130.889999,128.460007,130.149994,91815000
129.800003,132.550003,129.649994,131.789993,96721700
130.710007,131.509995,130.240005,130.460007,108953300
130.300003,132.410004,129.210007,132.300003,79663300
132.130005,134.080002,131.619995,133.979996,74783600
133.770004,134.320007,133.229996,133.699997,60214200
134.449997,134.639999,132.929993,133.410004,68711000
133.460007,133.889999,132.809998,133.110001,70783700
133.410004,135.25,133.350006,134.779999,62111300
134.800003,136.490005,134.350006,136.330002,64556100
136.169998,137.410004,135.869995,136.960007,63261400
136.600006,137.330002,135.759995,137.270004,52485800
137.899994,140,137.75,139.960007,78852600
140.070007,143.149994,140.070007,142.020004,108181800
143.539993,144.889999,142.660004,144.570007,104911600
141.580002,144.059998,140.669998,143.240005,105575500
142.75,145.649994,142.649994,145.110001,99890800
146.210007,146.320007,144,144.5,76299700
144.029999,147.460007,143.630005,145.639999,100827100
148.100006,149.570007,147.679993,149.149994,127050800
149.240005,150,147.089996,148.479996,106820300
148.460007,149.759995,145.880005,146.389999,93251400
143.75,144.070007,141.669998,142.449997,121434600
143.460007,147.100006,142.960007,146.149994,96350000
145.529999,146.130005,144.630005,145.399994,74993500
145.940002,148.199997,145.809998,146.800003,77338200
147.550003,148.720001,146.919998,148.559998,71447400
148.270004,149.830002,147.699997,148.990005,72434100
149.119995,149.210007,145.550003,146.770004,104818600
144.809998,146.970001,142.539993,144.979996,118931200
144.690002,146.550003,144.580002,145.639999,56699500
144.380005,146.330002,144.110001,145.860001,70440600
146.360001,146.949997,145.25,145.520004,62880000
145.809998,148.039993,145.179993,147.360001,64786600
147.270004,147.789993,146.279999,146.949997,56368300
146.979996,147.839996,146.169998,147.059998,46397700
146.350006,147.110001,145.630005,146.139999,54126800
146.199997,146.699997,145.520004,146.089996,48908700
146.440002,147.710007,145.300003,145.600006,69023100
146.050003,146.720001,145.529999,145.860001,48493500
146.190002,149.050003,145.839996,148.889999,72282600
148.970001,149.440002,148.270004,149.100006,59375000
148.539993,151.190002,146.470001,151.119995,103296000
150.229996,151.679993,149.089996,150.190002,92229700
149.800003,150.720001,146.149994,146.360001,86326000
145.029999,148,144.5,146.699997,86960300
147.440002,148.5,146.779999,148.190002,60549600
148.309998,150.190002,147.889999,149.710007,60131800
149.449997,150.860001,149.149994,149.619995,48606400
149.809998,150.320007,147.800003,148.360001,58991300
148.350006,149.119995,147.509995,147.539993,48597200
147.479996,148.75,146.830002,148.600006,55802400
149,153.490005,148.610001,153.119995,90956700
152.660004,152.800003,151.289993,151.830002,86453100
152.830002,154.979996,152.339996,152.509995,80313700
153.869995,154.720001,152.399994,153.649994,71115500
153.759995,154.630005,153.089996,154.300003,57808700
154.970001,157.259995,154.389999,156.690002,82278300
156.979996,157.039993,153.979996,155.110001,74420200
155.490005,156.110001,153.949997,154.070007,57305700
155,155.479996,148.699997,148.970001,140893200
150.630005,151.419998,148.75,149.550003,102404300
150.350006,151.070007,146.910004,148.119995,109296300
148.559998,149.440002,146.369995,149.029999,83281300
148.440002,148.970001,147.220001,148.789993,68034100
148.820007,148.820007,145.759995,146.059998,129868800
143.800003,144.839996,141.270004,142.940002,123478900
143.929993,144.600006,142.779999,143.429993,75834000
144.449997,146.429993,143.699997,145.850006,76404300
146.649994,147.080002,145.639999,146.830002,64838200
145.660004,147.470001,145.559998,146.919998,53477900
145.470001,145.960007,143.820007,145.369995,74150700
143.25,144.75,141.690002,141.910004,108972300
142.470001,144.449997,142.029999,142.830002,74602000
143.660004,144.380005,141.279999,141.5,89056700
141.899994,142.919998,139.110001,142.649994,94639600
141.759995,142.210007,138.270004,139.139999,98322000
139.490005,142.240005,139.360001,141.110001,80861100
139.470001,142.149994,138.369995,142,83221100
143.059998,144.220001,142.720001,143.289993,61732700
144.029999,144.179993,142.559998,142.899994,58773200
142.270004,144.809998,141.809998,142.809998,64452200
143.229996,143.25,141.039993,141.509995,73035900
141.240005,141.399994,139.199997,140.910004,78762700
142.110001,143.880005,141.509995,143.759995,69907100
143.770004,144.899994,143.509995,144.839996,67940300
143.449997,146.839996,143.160004,146.550003,85589200
147.009995,149.169998,146.550003,148.759995,76378900
148.699997,149.75,148.119995,149.259995,58418800
148.809998,149.639999,147.869995,149.479996,61421000
149.690002,150.179993,148.639999,148.690002,58883400
148.679993,149.369995,147.619995,148.639999,50720600
149.330002,150.839996,149.009995,149.320007,60893400
149.360001,149.729996,148.490005,148.850006,56094900
149.820007,153.169998,149.720001,152.570007,100077900
147.220001,149.940002,146.410004,149.800003,124953200
148.990005,149.699997,147.800003,148.960007,74588300
148.660004,151.570007,148.649994,150.020004,69122000
150.389999,151.970001,149.820007,151.490005,54511500
151.580002,152.429993,150.639999,150.960007,60394600
151.889999,152.199997,150.059998,151.279999,65463900
151.410004,151.570007,150.160004,150.440002,55020900
150.199997,151.429993,150.059998,150.809998,56787900
150.020004,150.130005,147.850006,147.919998,65187100
148.960007,149.429993,147.679993,147.869995,41000000
148.429993,150.399994,147.479996,149.990005,63804000
150.369995,151.880005,149.429993,150,59222800
149.940002,151.490005,149.339996,151,59256200
151,155,150.990005,153.490005,88807000
153.710007,158.669998,153.050003,157.869995,137827700
157.649994,161.020004,156.529999,160.550003,117305600
161.679993,165.699997,161,161.020004,117467900
161.119995,161.800003,159.059998,161.410004,96041900
160.75,162.139999,159.639999,161.940002,69463600
159.570007,160.449997,156.360001,156.809998,76959800
159.369995,161.190002,158.789993,160.240005,88748200
159.990005,165.520004,159.919998,165.300003,174048100
167.479996,170.300003,164.529999,164.770004,152052500
158.740005,164.199997,157.800003,163.759995,136739200
164.020004,164.960007,159.720001,161.839996,118023100
164.289993,167.880005,164.279999,165.320007,107497000
169.080002,171.580002,168.339996,171.179993,120405400
172.130005,175.960007,170.699997,175.080002,116998900
174.910004,176.75,173.919998,174.559998,108923700
175.210007,179.630005,174.690002,179.449997,115402700
181.119995,182.130005,175.529999,175.740005,153237000
175.25,177.740005,172.210007,174.330002,139380400
175.110001,179.5,172.309998,179.300003,131063300
179.279999,181.139999,170.75,172.259995,150185800
169.929993,173.470001,169.690002,171.139999,195432700
168.279999,170.580002,167.460007,169.75,107499100
171.559998,173.199997,169.119995,172.990005,91185900
173.039993,175.860001,172.149994,175.639999,92135300
175.850006,176.850006,175.270004,176.279999,68356600
177.089996,180.419998,177.070007,180.330002,74919600
180.160004,181.330002,178.529999,179.289993,79144300
179.330002,180.630005,178.139999,179.380005,62348900
179.470001,180.570007,178.089996,178.199997,59773000
178.089996,179.229996,177.259995,177.570007,64062300
177.830002,182.880005,177.710007,182.009995,104487900
182.630005,182.940002,179.119995,179.699997,99310400
179.610001,180.169998,174.639999,174.919998,94537600
172.699997,175.300003,171.639999,172,96904000
172.889999,174.139999,171.029999,172.169998,86709100
169.080002,172.5,168.169998,172.190002,106765600
172.320007,175.179993,170.820007,175.080002,76138300
176.119995,177.179993,174.820007,175.529999,74805200
175.779999,176.619995,171.789993,172.190002,84505800
171.339996,173.779999,171.089996,173.070007,80440800
171.509995,172.539993,169.410004,169.800003,90956700
170,171.080002,165.940002,166.229996,94815000
166.979996,169.679993,164.179993,164.509995,91420500
164.419998,166.330002,162.300003,162.410004,122848900
160.020004,162.300003,154.699997,161.619995,162294600
158.979996,162.759995,157.020004,159.779999,115798400
163.5,164.389999,157.820007,159.690002,108275300
162.449997,163.839996,158.279999,159.220001,121954600
165.710007,170.350006,162.800003,170.330002,179935700
170.160004,175,169.509995,174.779999,115541600
174.009995,174.839996,172.309998,174.610001,86213900
174.75,175.880005,173.330002,175.839996,84914300
174.479996,176.240005,172.119995,172.899994,89418100
171.679993,174.100006,170.679993,172.389999,82465400
172.860001,173.949997,170.949997,171.660004,77251200
171.729996,175.350006,171.429993,174.830002,74829200
176.050003,176.649994,174.899994,176.279999,71285000
174.139999,175.479996,171.550003,172.119995,90865900
172.330002,173.080002,168.039993,168.639999,98670700
167.369995,169.580002,166.559998,168.880005,86185500
170.970001,172.949997,170.25,172.789993,62527400
171.850006,173.339996,170.050003,172.550003,61177400
171.029999,171.910004,168.470001,168.880005,69589300
169.820007,170.539993,166.190002,167.300003,82772700
164.979996,166.690002,162.149994,164.320007,91162800
165.539993,166.149994,159.75,160.070007,90009200
152.580002,162.850006,152,162.740005,141147500
163.839996,165.119995,160.869995,164.850006,91974200
163.059998,165.419998,162.429993,165.119995,95056600
164.699997,166.600006,161.970001,163.199997,83474400
164.389999,167.360001,162.949997,166.559998,79724800
168.470001,168.910004,165.550003,166.229996,76678400
164.490005,165.550003,162.100006,163.169998,83737200
163.360001,165.020004,159.039993,159.300003,96418800
158.820007,162.880005,155.800003,157.440002,131148300
161.479996,163.410004,159.410004,162.949997,91454900
160.199997,160.389999,155.979996,158.520004,105342000
158.929993,159.279999,154.5,154.729996,96970100
151.449997,154.119995,150.100006,150.619995,108732100
150.899994,155.570007,150.380005,155.089996,92964300
157.050003,160,154.460007,159.589996,102300200
158.610001,161,157.630005,160.619995,75615400
160.509995,164.479996,159.759995,163.979996,123511700
163.509995,166.350006,163.009995,165.380005,95811400
165.509995,169.419998,164.910004,168.820007,81532000
167.990005,172.639999,167.649994,170.210007,98062700
171.059998,174.139999,170.210007,174.070007,90131400
173.880005,175.279999,172.75,174.720001,80546200
172.169998,175.729996,172,175.600006,90371900
176.690002,179.009995,176.339996,178.960007,100589400
178.550003,179.610001,176.699997,177.770004,92633200
177.839996,178.029999,174.399994,174.610001,103049300
174.029999,174.880005,171.940002,174.309998,78751300
174.570007,178.490005,174.440002,178.440002,76468400
177.5,178.300003,174.419998,175.059998,73401800
172.360001,173.630005,170.130005,171.830002,89058800
171.160004,173.360001,169.850006,172.139999,77594700
171.779999,171.779999,169.199997,170.089996,76575500
168.710007,169.029999,165.5,165.75,72246700
168.020004,169.869995,166.639999,167.660004,79265200
167.389999,171.039993,166.770004,170.399994,70618900
170.619995,171.270004,165.039993,165.289993,75329400
163.919998,166.600006,163.570007,165.070007,69023900
165.020004,167.820007,163.910004,167.399994,67723800
168.759995,168.880005,166.100006,167.229996,67929800
168.910004,171.529999,165.910004,166.419998,87227800
166.460007,167.869995,161.5,161.789993,84882400
161.119995,163.169998,158.460007,162.880005,96046400
162.25,162.339996,156.720001,156.800003,95623200
155.910004,159.789993,155.380005,156.570007,88063200
159.25,164.520004,158.929993,163.639999,130216800
161.839996,166.199997,157.25,157.649994,131747600
156.710007,158.229996,153.270004,157.960007,123055300
158.149994,160.710007,156.320007,159.479996,88966500
159.669998,166.479996,159.259995,166.020004,108256500
163.850006,164.080002,154.949997,156.770004,130525300
156.009995,159.440002,154.179993,157.279999,116124600
154.929993,155.830002,151.490005,152.059998,131577900
155.520004,156.740005,152.929993,154.509995,115366700
153.5,155.449997,145.809998,146.5,142689800
142.770004,146.199997,138.800003,142.559998,182602000
144.589996,148.100006,143.110001,147.110001,113990900
145.550003,147.520004,144.179993,145.539993,86643800
148.860001,149.770004,146.679993,149.240005,78336300
146.850006,147.360001,139.899994,140.820007,109742900
139.880005,141.660004,136.600006,137.350006,136095600
139.089996,140.699997,132.610001,137.589996,137426100
137.789993,143.259995,137.649994,143.110001,117726300
140.809998,141.970001,137.330002,140.360001,104132700
138.429993,141.789993,138.339996,140.520004,92482700
137.389999,144.339996,137.139999,143.779999,90601500
145.389999,149.679993,145.259995,149.639999,90978500
149.070007,150.660004,146.839996,148.839996,103718400
149.899994,151.740005,147.679993,148.710007,74286600
147.830002,151.270004,146.860001,151.210007,72348100
146.899994,147.970001,144.460007,145.380005,88570300
147.029999,148.570007,144.899994,146.139999,71598400
144.350006,149,144.100006,148.710007,67808200
148.580002,149.869995,147.460007,147.960007,53950200
147.080002,147.949997,142.529999,142.639999,69473000
140.279999,140.759995,137.059998,137.130005,91437900
132.869995,135.199997,131.440002,131.880005,122207100
133.130005,133.889999,131.479996,132.759995,84784300
134.289993,137.339996,132.160004,135.429993,91533000
132.080002,132.389999,129.039993,130.059998,108123900
130.070007,133.080002,129.809998,131.559998,134520300
133.419998,137.059998,133.320007,135.869995,81000500
134.789993,137.759995,133.910004,135.350006,73409200
136.820007,138.589996,135.630005,138.270004,72433800
139.899994,141.910004,139.770004,141.660004,89116800
142.699997,143.490005,140.970001,141.660004,70207900
142.130005,143.419998,137.320007,137.440002,67083400
137.460007,140.669998,136.669998,139.229996,66242400
137.25,138.369995,133.770004,136.720001,98964500
136.039993,139.039993,135.660004,138.929993,71051600
137.770004,141.610001,136.929993,141.559998,73353800
141.350006,144.119995,141.080002,142.919998,74064300
143.289993,146.550003,143.279999,146.350006,66253700
145.259995,147.550003,145,147.039993,64547800
145.669998,146.639999,143.779999,144.869995,63141600
145.759995,148.449997,145.050003,145.860001,77588800
142.990005,146.449997,142.119995,145.490005,71185600
144.080002,148.949997,143.25,148.470001,78140700
149.779999,150.860001,148.199997,150.169998,76259900
150.740005,151.570007,146.699997,147.070007,81420900
147.919998,151.229996,146.910004,151,82982400
151.119995,153.720001,150.369995,153.039993,64823400
154.5,155.570007,151.940002,155.350006,65086600
155.389999,156.279999,153.410004,154.089996,66675400
154.009995,155.039993,152.279999,152.949997,53623900
152.259995,153.089996,150.800003,151.600006,55138700
152.580002,157.330002,152.160004,156.789993,78620700
156.979996,157.639999,154.410004,157.350006,81378700
161.240005,163.630005,159.5,162.509995,101786900
161.009995,163.589996,160.889999,161.509995,67829400
160.100006,162.410004,159.630005,160.009995,59907000
160.839996,166.589996,160.75,166.130005,82507500
166.009995,167.190002,164.429993,165.809998,55474100
163.210007,165.850006,163,165.350006,56697000
166.369995,167.809998,164.199997,164.869995,60276900
164.020004,165.820007,163.25,164.919998,63135500
167.679993,169.339996,166.899994,169.240005,70170500
170.059998,170.990005,168.190002,168.490005,57149200
169.820007,172.169998,169.399994,172.100006,68039400
171.520004,173.389999,171.350006,173.190002,54091700
172.779999,173.710007,171.660004,173.029999,56377100
172.770004,176.149994,172.570007,174.550003,79542000
173.75,174.899994,173.119995,174.149994,62290100
173.029999,173.740005,171.309998,171.520004,70346300
169.690002,169.860001,167.139999,167.570007,69026800
167.080002,168.710007,166.649994,167.229996,54147100
167.320007,168.110001,166.25,167.529999,53841500
168.779999,170.139999,168.350006,170.029999,51218200
170.570007,171.050003,163.559998,163.619995,78961000
161.149994,162.899994,159.820007,161.380005,73314000
162.130005,162.559998,157.720001,158.910004,77906200
160.309998,160.580002,157.139999,157.220001,87991100
156.639999,158.419998,154.669998,157.960007,74229900
159.75,160.360001,154.970001,155.809998,76957800
156.470001,157.089996,153.690002,154.529999,73714800
154.820007,156.669998,153.610001,155.960007,87449600
154.639999,156.360001,152.679993,154.460007,84923800
155.470001,157.820007,154.75,157.369995,68028800
159.589996,164.259995,159.300003,163.429993,104956000
159.899994,160.539993,153.369995,153.839996,122656600
154.789993,157.100006,153.610001,155.309998,87965400
154.649994,155.240005,151.380005,152.369995,90481100
151.210007,151.350006,148.369995,150.699997,162278800
149.309998,154.559998,149.100006,154.479996,81474200
153.399994,158.080002,153.080002,156.899994,107689800
157.339996,158.740005,153.600006,153.720001,101696800
152.380005,154.470001,150.910004,152.740005,86652500
151.190002,151.470001,148.559998,150.429993,96029900
149.660004,153.770004,149.639999,150.770004,93339400
152.740005,154.720001,149.949997,151.759995,84442700
147.639999,150.639999,144.839996,149.839996,146691400
146.100006,146.720001,140.679993,142.479996,128138200
141.279999,143.100006,138,138.199997,124925300
138.210007,143.070007,137.690002,142.449997,114311700
145.029999,146.220001,144.259995,146.100006,87830100
144.070007,147.380005,143.009995,146.399994,79471000
145.809998,147.539993,145.220001,145.429993,68402200
142.539993,143.100006,139.449997,140.089996,85925600
140.419998,141.889999,138.570007,140.419998,74899000
139.899994,141.350006,138.220001,138.979996,77033700
139.130005,140.360001,138.160004,138.339996,70433700
134.990005,143.589996,134.369995,142.990005,113224000
144.309998,144.520004,138.190002,138.380005,88598000
141.070007,142.899994,140.270004,142.410004,85250900
145.490005,146.699997,140.610001,143.75,99136600
141.690002,144.949997,141.5,143.860001,61758300
143.020004,145.889999,142.649994,143.389999,64522000
142.869995,147.850006,142.649994,147.270004,86548600
147.190002,150.229996,146,149.449997,75981900
150.089996,152.490005,149.360001,152.339996,74732300
150.960007,151.990005,148.039993,149.350006,88194300
148.070007,149.050003,144.130005,144.800003,109180200
148.199997,157.5,147.820007,155.740005,164762400
153.160004,154.240005,151.919998,153.339996,97943200
155.080002,155.449997,149.130005,150.649994,80379300
148.949997,152.169998,145,145.029999,93604600
142.059998,142.800003,138.75,138.880005,97918500
142.089996,142.669998,134.380005,138.380005,140814800
137.110001,139.149994,135.669998,138.919998,83374600
140.410004,141.429993,137.490005,139.5,89908500
138.5,138.550003,134.589996,134.869995,74917800
141.240005,146.869995,139.5,146.869995,118854000
145.820007,150.009995,144.369995,149.699997,93979700
148.970001,150.279999,147.429993,148.279999,73374100
152.220001,153.589996,148.559998,150.039993,89868300
149.130005,149.869995,147.289993,148.789993,64218300
146.429993,151.479996,146.149994,150.720001,80389400
152.309998,152.699997,149.970001,151.289993,74829600
150.160004,150.369995,147.720001,148.009995,58724100
148.130005,150.419998,146.929993,150.179993,51804100
149.449997,151.830002,149.339996,151.070007,58301400
148.309998,148.880005,147.119995,148.110001,35195900
145.139999,146.639999,143.380005,144.220001,69246000
144.289993,144.809998,140.350006,141.169998,83763800
141.399994,148.720001,140.550003,148.029999,111380900
148.210007,149.130005,146.610001,148.309998,71250400
145.960007,148,145.649994,147.809998,65447400
147.770004,150.919998,145.770004,146.630005,68826400
147.070007,147.300003,141.919998,142.910004,64727200
142.190002,143.369995,140,140.940002,69721100
142.360001,143.520004,141.100006,142.649994,62128300
142.339996,145.570007,140.899994,142.160004,76097000
142.699997,144.5,141.059998,144.490005,70462700
149.5,149.970001,144.240005,145.470001,93886200
145.350006,146.660004,141.160004,143.210007,82291200
141.110001,141.800003,136.029999,136.5,98931900
136.690002,137.649994,133.729996,134.509995,160156900
135.110001,135.199997,131.320007,132.369995,79592600
131.389999,133.25,129.889999,132.300003,77432800
132.979996,136.809998,132.75,135.449997,85928000
134.350006,134.559998,130.300003,132.229996,77852100
130.919998,132.419998,129.639999,131.860001,63814900
131.380005,131.410004,128.720001,130.029999,69007800
129.669998,131.029999,125.870003,126.040001,85438400
127.989998,130.479996,127.730003,129.610001,75703700
128.410004,129.949997,127.43,129.929993,77034200
130.279999,130.899994,124.169998,125.07,112117500
126.889999,128.660004,125.080002,126.360001,89113600
127.129997,127.769997,124.760002,125.019997,80962700
126.010002,130.289993,124.889999,129.619995,87754700
130.470001,133.410004,129.889999,130.149994,70790800
130.259995,131.259995,128.119995,130.729996,63896200
131.25,133.509995,130.460007,133.490005,69458900
133.880005,134.259995,131.440002,133.410004,71379600
132.029999,134.919998,131.660004,134.759995,57809700
134.830002,137.289993,134.130005,135.940002,63646600
136.820007,138.610001,135.029999,135.210007,69672800
134.080002,136.25,133.770004,135.270004,58280400
135.279999,138.020004,134.220001,137.869995,80223600
138.119995,143.320007,137.899994,141.110001,81760300
140.309998,143.160004,140.300003,142.529999,66435100
140.889999,142.429993,138.809998,141.860001,65799300
143.169998,144.25,141.899994,143.960007,54105100
143.160004,147.229996,143.080002,145.929993,70555800
144.960007,145.550003,142.850006,143,64015300
142.699997,144.339996,142.279999,144.289993,65874500
143.970001,146.610001,141.320007,145.429993,77663600
148.899994,151.179993,148.169998,150.820007,118339000
148.029999,157.380005,147.830002,154.5,154357300
152.570007,153.100006,150.779999,151.729996,69858300
150.639999,155.229996,150.639999,154.649994,83322600
153.880005,154.580002,151.169998,151.919998,64120100
153.779999,154.330002,150.419998,150.869995,56007100
149.460007,151.339996,149.220001,151.009995,57450700
150.949997,154.259995,150.919998,153.850006,62199000
152.119995,153.770004,150.860001,153.199997,61707600
153.110001,155.5,152.880005,155.330002,65573800
153.509995,156.330002,153.350006,153.710007,68167900
152.350006,153,150.850006,152.550003,59144100
150.199997,151.300003,148.410004,148.479996,58867200
148.869995,149.949997,147.160004,148.910004,51011300
150.089996,150.339996,147.240005,149.399994,48394200
147.110001,147.190002,145.720001,146.710007,55469600
147.710007,149.169998,147.449997,147.919998,44998500
147.050003,149.080002,146.830002,147.410004,50547000
146.830002,147.229996,145.009995,145.309998,55479000
144.380005,146.710007,143.899994,145.910004,52238100
148.039993,151.110001,147.330002,151.029999,70732300
153.789993,156.300003,153.460007,153.830002,87558000
153.699997,154.029999,151.130005,151.600006,56182000
152.809998,153.470001,151.830002,152.869995,47204800
153.559998,154.539993,150.229996,150.589996,53833600
150.210007,150.940002,147.610001,148.5,68572400
147.809998,153.139999,147.699997,150.470001,84457100
151.279999,153.399994,150.100006,152.589996,73695900
151.190002,153.25,149.919998,152.990005,77167900
152.160004,156.460007,151.639999,155.850006,76161100
156.080002,156.740005,154.279999,155,98944600
155.070007,157.820007,154.149994,157.399994,73641400
157.320007,159.399994,156.539993,159.279999,73938300
159.300003,162.139999,157.809998,157.830002,75701800
158.830002,161.550003,157.679993,158.929993,67622100
158.860001,160.339996,157.850006,160.25,59196500
159.940002,160.770004,157.869995,158.279999,52390300
157.970001,158.490005,155.979996,157.649994,45992200
159.369995,161.050003,159.350006,160.770004,51305700
161.529999,162.470001,161.270004,162.360001,49501700
162.440002,165,161.910004,164.899994,68749800
164.270004,166.289993,164.220001,166.169998,56976200
166.600006,166.839996,165.110001,165.630005,46278300
164.740005,165.050003,161.800003,163.759995,51511700
162.429993,164.960007,162,164.660004,45390100
161.419998,162.029999,160.080002,162.029999,47716900
162.350006,162.360001,160.509995,160.800003,47644200
161.220001,162.059998,159.779999,160.100006,50133100
161.630005,165.800003,161.419998,165.559998,68445600
164.589996,166.320007,163.820007,165.210007,49386500
165.089996,165.389999,164.029999,165.229996,41516200
166.100006,167.410004,165.649994,166.470001,49923000
165.800003,168.160004,165.539993,167.630005,47720200
166.089996,167.869995,165.559998,166.649994,52456400
165.050003,166.449997,164.490005,165.020004,58337300
165,165.600006,163.889999,165.330002,41949600
165.190002,166.309998,163.729996,163.770004,48714100
163.059998,165.279999,162.800003,163.759995,45498800
165.190002,168.559998,165.190002,168.410004,64902300
168.490005,169.850006,167.880005,169.679993,55209200
169.279999,170.449997,168.639999,169.589996,52472900
170.089996,170.350006,167.539993,168.539993,48425700
169.5,170.919998,167.160004,167.449997,65136000
164.889999,167.039993,164.309998,165.789993,81235400
170.979996,174.300003,170.759995,173.570007,113316400
172.479996,173.850006,172.110001,173.5,55962800
173.050003,173.539993,171.600006,171.770004,45326900
173.020004,174.029999,171.899994,173.559998,53724500
173.850006,174.589996,172.169998,173.75,49514700
173.619995,174.059998,171,172.570007,45497800
173.160004,173.210007,171.470001,172.070007,37266700
171.990005,173.139999,171.800003,172.070007,42110300
171.710007,172.929993,170.419998,172.690002,57951600
173,175.240005,172.580002,175.050003,65496700
176.389999,176.389999,174.940002,175.160004,55772400
173.979996,174.710007,173.449997,174.199997,43570900
173.130005,173.380005,171.279999,171.559998,50747300
171.089996,172.419998,170.520004,171.839996,45143500
172.410004,173.899994,171.690002,172.990005,56058300
173.320007,175.770004,173.110001,175.429993,54835000
176.960007,178.990005,176.570007,177.300003,55964400
177.330002,179.350006,176.759995,177.25,99625300
177.699997,180.119995,176.929993,180.089996,68901800
181.029999,181.779999,179.259995,180.949997,61945900
182.630005,184.949997,178.039993,179.580002,121946500
179.970001,180.119995,177.429993,179.210007,64848400
178.440002,181.210007,177.320007,177.820007,61944600
177.899994,180.839996,177.460007,180.570007,50214900
181.5,182.229996,180.630005,180.960007,48870700
181.270004,183.889999,180.970001,183.789993,54274900
182.800003,184.149994,182.440002,183.309998,54929100
183.369995,184.389999,182.020004,183.949997,57462900
183.960007,186.520004,183.779999,186.009995,65433200
186.729996,186.990005,184.270004,184.919998,101235600
184.410004,186.100006,184.410004,185.009995,49799100
184.899994,185.410004,182.589996,183.960007,49515700
183.740005,187.050003,183.669998,187,51245300
185.550003,187.559998,185.009995,186.679993,53079300
186.830002,188.050003,185.229996,185.270004,48088700
185.889999,188.389999,185.669998,188.059998,50730800
187.929993,189.899994,187.600006,189.25,51216800
189.080002,190.070007,188.940002,189.589996,46347300
191.630005,194.479996,191.259995,193.970001,85069600
193.779999,193.880005,191.759995,192.460007,31458200
191.570007,192.979996,190.619995,191.330002,46920300
189.839996,192.020004,189.199997,191.809998,45094300
191.410004,192.669998,190.240005,190.679993,46778000
189.259995,189.990005,187.039993,188.610001,59922200
189.160004,189.300003,186.600006,188.080002,46638100
189.679993,191.699997,188.470001,189.770004,60750200
190.5,191.190002,189.779999,190.539993,41342300
190.229996,191.179993,189.630005,190.690002,41573900
191.899994,194.320007,191.809998,193.990005,50520200
193.350006,194.330002,192.419998,193.729996,48353800
193.100006,198.229996,192.649994,195.100006,80507300
195.089996,196.470001,192.5,193.130005,59581200
194.100006,194.970001,191.229996,191.940002,71917800
193.410004,194.910004,192.25,192.75,45377800
193.330002,194.440002,192.919998,193.619995,37283200
193.669998,195.639999,193.320007,194.5,47471900
196.020004,197.199997,192.550003,193.220001,47460200
194.669998,196.630005,194.139999,195.830002,48291400
196.059998,196.490005,195.259995,196.449997,38824100
196.240005,196.729996,195.279999,195.610001,35175100
195.039993,195.179993,191.850006,192.580002,50389300
191.570007,192.369995,190.690002,191.169998,61235200
185.520004,187.380005,181.919998,181.990005,115799700
182.130005,183.130005,177.350006,178.850006,97576100
179.690002,180.270004,177.580002,179.800003,67823000
180.869995,180.929993,177.009995,178.190002,60378500
179.479996,180.75,177.600006,177.970001,54686900
177.320007,178.619995,176.550003,177.789993,51988100
177.970001,179.690002,177.309998,179.460007,43675600
178.880005,179.479996,177.050003,177.449997,43622600
177.130005,178.539993,176.5,176.570007,46964900
177.139999,177.509995,173.479996,174,66062900
172.300003,175.100006,171.960007,174.490005,61114200
175.070007,176.130005,173.740005,175.839996,46311900
177.059998,177.679993,176.25,177.229996,42084200
178.520004,181.550003,178.330002,181.119995,52722800
180.669998,181.100006,176.009995,176.380005,54945800
177.380005,179.149994,175.820007,178.610001,51449600
180.089996,180.589996,178.550003,180.190002,43820700
179.699997,184.899994,179.5,184.119995,53003900
184.940002,187.850006,184.740005,187.649994,60813900
187.839996,189.119995,187.479996,187.869995,60794500
189.490005,189.919998,188.279999,189.460007,45732600
188.279999,189.979996,187.610001,189.699997,45280000
188.399994,188.850006,181.470001,182.910004,81755800
175.179993,178.210007,173.539993,177.559998,112488800
178.350006,180.240005,177.789993,178.179993,65551300
180.070007,180.300003,177.339996,179.360001,58953100
179.490005,180.130005,174.820007,176.300003,90370200
176.509995,177.300003,173.979996,174.210007,84267900
174,176.100006,173.580002,175.740005,60895800
176.479996,176.5,173.820007,175.009995,109205100
176.479996,179.380005,176.169998,177.970001,67257600
177.520004,179.630005,177.130005,179.070007,51826900
179.259995,179.699997,175.399994,175.490005,58436200
174.550003,176.300003,173.860001,173.929993,63047900
174.669998,177.080002,174.050003,174.789993,56725400
174.199997,176.970001,174.149994,176.080002,46172700
174.820007,175.199997,171.660004,171.960007,64588900
172.619995,173.039993,169.050003,170.429993,66921800
169.339996,172.029999,167.619995,170.690002,56294400
172.020004,173.070007,170.339996,171.210007,51814200
171.220001,174.300003,170.929993,173.75,52164500
172.259995,173.630005,170.820007,172.399994,49594600
171.089996,174.210007,170.970001,173.660004,53020300
173.789993,175.449997,172.679993,174.910004,48527900
173.800003,177.990005,173.179993,177.490005,57224100
176.809998,179.050003,175.800003,178.990005,42390800
178.100006,179.720001,177.949997,178.389999,43698000
178.199997,179.850006,177.600006,179.800003,47551100
180.070007,182.339996,179.039993,180.710007,56743100
181.419998,181.929993,178.139999,178.850006,51427100
176.75,179.080002,176.509995,178.720001,52517000
176.649994,178.419998,174.800003,177.149994,57549400
175.580002,177.580002,175.110001,175.839996,54764400
176.039993,177.839996,175.190002,175.460007,59302900
175.309998,175.419998,172.639999,172.880005,64189300
170.910004,174.009995,169.929993,173,55980100
173.050003,173.669998,171.449997,173.440002,43816600
171.880005,173.059998,170.649994,171.100006,57157000
170.369995,171.380005,165.669998,166.889999,70625300
166.910004,168.960007,166.830002,168.220001,58499100
169.020004,171.169998,168.869995,170.289993,51131000
169.350006,170.899994,167.899994,170.770004,44846000
171,174.229996,170.119995,173.970001,56934900
175.520004,177.779999,175.460007,177.570007,77334800
174.240005,176.820007,173.350006,176.649994,79763700
176.380005,179.429993,176.210007,179.229996,63841300
179.179993,182.440002,178.970001,181.820007,70530000
182.350006,183.449997,181.589996,182.889999,49340300
182.960007,184.119995,181.809998,182.410004,53763500
183.970001,186.570007,183.529999,186.399994,66133400
185.820007,186.029999,184.210007,184.800003,43627500
187.699997,188.110001,186.300003,187.440002,60108400
187.850006,189.5,187.779999,188.009995,53790500
189.570007,190.960007,188.649994,189.710007,54412900
190.25,190.380005,188.570007,189.690002,50922700
189.889999,191.910004,189.880005,191.449997,46505100
191.410004,191.520004,189.740005,190.639999,38134500
191.490005,192.929993,190.830002,191.309998,39617700
190.869995,190.899994,189.25,189.970001,24048300
189.919998,190.669998,188.899994,189.789993,40552600
189.779999,191.080002,189.399994,190.399994,38415400
190.899994,192.089996,188.970001,189.369995,43014200
189.839996,190.320007,188.190002,189.949997,48794400
190.330002,191.559998,189.229996,191.240005,45679300
189.979996,190.050003,187.449997,189.429993,43389500
190.210007,194.399994,190.179993,193.419998,66628400
194.449997,194.759995,192.110001,192.320007,41089700
193.630005,195,193.589996,194.270004,47477700
194.199997,195.990005,193.669998,195.710007,53377300
193.110001,193.490005,191.419998,193.179993,60943700
193.080002,194.720001,191.720001,194.710007,52696900
195.089996,198,194.850006,197.960007,70404200
198.020004,199.619995,196.160004,198.110001,66831600
197.529999,198.399994,197,197.570007,128256700
196.089996,196.630005,194.389999,195.889999,55751900
196.160004,196.949997,195.889999,196.940002,40714100
196.899994,197.679993,194.830002,194.830002,52242800
196.100006,197.080002,193.5,194.679993,46482500
195.179993,195.410004,192.970001,193.600006,37122800
193.610001,193.889999,192.830002,193.050003,28919300
192.490005,193.5,191.089996,193.149994,48087700
194.139999,194.660004,193.169998,193.580002,34049900
193.899994,194.399994,191.729996,192.529999,42628800
187.149994,188.440002,183.889999,185.639999,82488700
184.220001,185.880005,183.429993,184.25,58414500
182.149994,183.089996,180.880005,181.910004,71983600
181.990005,182.759995,180.169998,181.179993,62303300
182.089996,185.600006,181.5,185.559998,59144500
183.919998,185.149994,182.729996,185.139999,42841800
184.350006,186.399994,183.919998,186.190002,46792900
186.539993,187.050003,183.619995,185.589996,49128400
186.059998,186.740005,185.190002,185.919998,40444700
182.160004,184.259995,180.929993,183.630005,65603000
181.270004,182.929993,180.300003,182.679993,47317400
186.089996,189.139999,185.830002,188.630005,78005800
189.330002,191.949997,188.820007,191.559998,68741000
192.300003,195.330002,192.259995,193.889999,60133900
195.020004,195.75,193.830002,195.179993,42355600
195.419998,196.380005,194.339996,194.5,53631300
195.220001,196.270004,193.110001,194.169998,54822100
194.270004,194.759995,191.940002,192.419998,44594000
192.009995,192.199997,189.580002,191.729996,47145600
190.940002,191.800003,187.470001,188.039993,55859400
187.039993,187.100006,184.350006,184.399994,55467800
183.990005,186.949997,183.820007,186.860001,64885400
179.860001,187.330002,179.25,185.850006,102518000
188.149994,189.25,185.839996,187.679993,69668800
186.860001,189.309998,186.770004,189.300003,43490800
190.639999,191.050003,188.610001,189.410004,53439000
189.389999,189.539993,187.350006,188.320007,40962000
188.649994,189.990005,188,188.850006,45155200
188.419998,188.669998,186.789993,187.149994,41781900
185.770004,186.210007,183.509995,185.039993,56529500
185.320007,185.529999,182.440002,184.149994,54630500
183.550003,184.490005,181.350006,183.860001,65434500
183.419998,184.850006,181.669998,182.309998,49701400
181.789993,182.429993,180,181.559998,53665600
181.940002,182.889999,180.660004,182.320007,41529700
183.479996,184.960007,182.460007,184.369995,52292200
185.009995,185.039993,182.229996,182.520004,45119700
182.240005,182.759995,180.649994,181.160004,40867400
181.100006,183.919998,179.559998,182.630005,54318900
182.509995,183.119995,180.130005,181.419998,48953900
181.270004,182.570007,179.529999,180.75,136682600
179.550003,180.529999,177.380005,179.660004,73488000
176.149994,176.899994,173.789993,175.100006,81510100
170.759995,172.039993,169.619995,170.119995,95132400
171.059998,171.240005,168.679993,169.119995,68587700
169.149994,170.729996,168.490005,169,71765100
169,173.699997,168.940002,170.729996,76114600
172.940002,174.380005,172.050003,172.75,60139500
173.149994,174.029999,171.009995,173.229996,59825400
172.770004,173.190002,170.759995,171.130005,52488700
172.910004,174.309998,172.050003,173,72913500
171.169998,172.619995,170.289993,172.619995,121664700
175.570007,177.710007,173.520004,173.720001,75604200
174.339996,176.610001,173.029999,176.080002,55215200
175.720001,178.669998,175.089996,178.669998,53423100
177.050003,177.490005,170.839996,171.369995,106181300
171.759995,173.050003,170.059998,172.279999,71106600
170.570007,171.940002,169.449997,170.850006,54288300
170,171.419998,169.580002,169.710007,57388400
170.410004,173.600006,170.110001,173.309998,60273300
171.75,172.229996,170.509995,171.479996,65672700
171.190002,171.25,169.479996,170.029999,46240500
169.080002,169.339996,168.229996,168.839996,49329500
168.789993,170.679993,168.580002,169.649994,47691700
170.289993,171.919998,168.820007,168.820007,53704400
169.589996,170.389999,168.949997,169.580002,42055200
169.029999,169.199997,168.240005,168.449997,37425500
168.699997,170.080002,168.350006,169.669998,42451200
168.800003,169.089996,167.110001,167.779999,49709300
168.339996,175.460007,168.160004,175.039993,91070300
174.259995,178.360001,174.210007,176.550003,101593300
175.360001,176.630005,172.5,172.690002,73531800
171.75,173.759995,168.270004,169.380005,73711200
169.610001,170.649994,168,168,50901200
168.029999,168.639999,166.550003,167.039993,43122900
166.210007,166.399994,164.080002,165,67772100
165.520004,167.259995,164.770004,165.839996,48116400
165.350006,167.050003,164.919998,166.899994,49537800
166.539993,169.300003,166.210007,169.020004,48251800
169.529999,170.610001,168.149994,169.889999,50558300
169.880005,171.339996,169.179993,169.300003,44525100
